video,target,strict,frame_index,split,saved_image,saved_label,saved_preview,num_boxes,labels,top_label,top_conf
DJI_20260410103033_0018_D.MP4,drowning,False,0,train,/Users/neerad/drowning-detection/datasets/dji003_priority_drowning_v2/images/train/drowning__DJI_20260410103033_0018_D__frame_000000.jpg,/Users/neerad/drowning-detection/datasets/dji003_priority_drowning_v2/labels/train/drowning__DJI_20260410103033_0018_D__frame_000000.txt,/Users/neerad/drowning-detection/datasets/dji003_priority_drowning_v2/previews/train/drowning__DJI_20260410103033_0018_D__frame_000000.jpg,3,"drowning,tread water,tread water",drowning,0.5655
DJI_20260410103033_0018_D.MP4,drowning,False,62,val,/Users/neerad/drowning-detection/datasets/dji003_priority_drowning_v2/images/val/drowning__DJI_20260410103033_0018_D__frame_000062.jpg,/Users/neerad/drowning-detection/datasets/dji003_priority_drowning_v2/labels/val/drowning__DJI_20260410103033_0018_D__frame_000062.txt,/Users/neerad/drowning-detection/datasets/dji003_priority_drowning_v2/previews/val/drowning__DJI_20260410103033_0018_D__frame_000062.jpg,4,"tread water,tread water,tread water,drowning",tread water,0.4958
DJI_20260410103033_0018_D.MP4,drowning,False,122,train,/Users/neerad/drowning-detection/datasets/dji003_priority_drowning_v2/images/train/drowning__DJI_20260410103033_0018_D__frame_000122.jpg,/Users/neerad/drowning-detection/datasets/dji003_priority_drowning_v2/labels/train/drowning__DJI_20260410103033_0018_D__frame_000122.txt,/Users/neerad/drowning-detection/datasets/dji003_priority_drowning_v2/previews/train/drowning__DJI_20260410103033_0018_D__frame_000122.jpg,1,drowning,drowning,0.4850
DJI_20260410103033_0018_D.MP4,drowning,False,182,train,/Users/neerad/drowning-detection/datasets/dji003_priority_drowning_v2/images/train/drowning__DJI_20260410103033_0018_D__frame_000182.jpg,/Users/neerad/drowning-detection/datasets/dji003_priority_drowning_v2/labels/train/drowning__DJI_20260410103033_0018_D__frame_000182.txt,/Users/neerad/drowning-detection/datasets/dji003_priority_drowning_v2/previews/train/drowning__DJI_20260410103033_0018_D__frame_000182.jpg,3,"tread water,drowning,tread water",tread water,0.5708
DJI_20260410103033_0018_D.MP4,drowning,False,242,train,/Users/neerad/drowning-detection/datasets/dji003_priority_drowning_v2/images/train/drowning__DJI_20260410103033_0018_D__frame_000242.jpg,/Users/neerad/drowning-detection/datasets/dji003_priority_drowning_v2/labels/train/drowning__DJI_20260410103033_0018_D__frame_000242.txt,/Users/neerad/drowning-detection/datasets/dji003_priority_drowning_v2/previews/train/drowning__DJI_20260410103033_0018_D__frame_000242.jpg,2,"tread water,drowning",tread water,0.3561
DJI_20260410103033_0018_D.MP4,drowning,False,302,train,/Users/neerad/drowning-detection/datasets/dji003_priority_drowning_v2/images/train/drowning__DJI_20260410103033_0018_D__frame_000302.jpg,/Users/neerad/drowning-detection/datasets/dji003_priority_drowning_v2/labels/train/drowning__DJI_20260410103033_0018_D__frame_000302.txt,/Users/neerad/drowning-detection/datasets/dji003_priority_drowning_v2/previews/train/drowning__DJI_20260410103033_0018_D__frame_000302.jpg,1,drowning,drowning,0.4955
DJI_20260410103033_0018_D.MP4,drowning,False,367,train,/Users/neerad/drowning-detection/datasets/dji003_priority_drowning_v2/images/train/drowning__DJI_20260410103033_0018_D__frame_000367.jpg,/Users/neerad/drowning-detection/datasets/dji003_priority_drowning_v2/labels/train/drowning__DJI_20260410103033_0018_D__frame_000367.txt,/Users/neerad/drowning-detection/datasets/dji003_priority_drowning_v2/previews/train/drowning__DJI_20260410103033_0018_D__frame_000367.jpg,2,"tread water,drowning",tread water,0.5326
DJI_20260410103033_0018_D.MP4,drowning,False,427,val,/Users/neerad/drowning-detection/datasets/dji003_priority_drowning_v2/images/val/drowning__DJI_20260410103033_0018_D__frame_000427.jpg,/Users/neerad/drowning-detection/datasets/dji003_priority_drowning_v2/labels/val/drowning__DJI_20260410103033_0018_D__frame_000427.txt,/Users/neerad/drowning-detection/datasets/dji003_priority_drowning_v2/previews/val/drowning__DJI_20260410103033_0018_D__frame_000427.jpg,2,"drowning,tread water",drowning,0.3711
DJI_20260410103033_0018_D.MP4,drowning,False,562,train,/Users/neerad/drowning-detection/datasets/dji003_priority_drowning_v2/images/train/drowning__DJI_20260410103033_0018_D__frame_000562.jpg,/Users/neerad/drowning-detection/datasets/dji003_priority_drowning_v2/labels/train/drowning__DJI_20260410103033_0018_D__frame_000562.txt,/Users/neerad/drowning-detection/datasets/dji003_priority_drowning_v2/previews/train/drowning__DJI_20260410103033_0018_D__frame_000562.jpg,3,"tread water,swimming,drowning",tread water,0.6376
DJI_20260410103033_0018_D.MP4,drowning,False,624,val,/Users/neerad/drowning-detection/datasets/dji003_priority_drowning_v2/images/val/drowning__DJI_20260410103033_0018_D__frame_000624.jpg,/Users/neerad/drowning-detection/datasets/dji003_priority_drowning_v2/labels/val/drowning__DJI_20260410103033_0018_D__frame_000624.txt,/Users/neerad/drowning-detection/datasets/dji003_priority_drowning_v2/previews/val/drowning__DJI_20260410103033_0018_D__frame_000624.jpg,3,"swimming,tread water,drowning",swimming,0.6650
DJI_20260410103033_0018_D.MP4,drowning,False,713,train,/Users/neerad/drowning-detection/datasets/dji003_priority_drowning_v2/images/train/drowning__DJI_20260410103033_0018_D__frame_000713.jpg,/Users/neerad/drowning-detection/datasets/dji003_priority_drowning_v2/labels/train/drowning__DJI_20260410103033_0018_D__frame_000713.txt,/Users/neerad/drowning-detection/datasets/dji003_priority_drowning_v2/previews/train/drowning__DJI_20260410103033_0018_D__frame_000713.jpg,4,"tread water,tread water,tread water,drowning",tread water,0.5914
DJI_20260410103033_0018_D.MP4,drowning,False,773,train,/Users/neerad/drowning-detection/datasets/dji003_priority_drowning_v2/images/train/drowning__DJI_20260410103033_0018_D__frame_000773.jpg,/Users/neerad/drowning-detection/datasets/dji003_priority_drowning_v2/labels/train/drowning__DJI_20260410103033_0018_D__frame_000773.txt,/Users/neerad/drowning-detection/datasets/dji003_priority_drowning_v2/previews/train/drowning__DJI_20260410103033_0018_D__frame_000773.jpg,3,"tread water,tread water,drowning",tread water,0.6412
DJI_20260410103033_0018_D.MP4,drowning,False,953,val,/Users/neerad/drowning-detection/datasets/dji003_priority_drowning_v2/images/val/drowning__DJI_20260410103033_0018_D__frame_000953.jpg,/Users/neerad/drowning-detection/datasets/dji003_priority_drowning_v2/labels/val/drowning__DJI_20260410103033_0018_D__frame_000953.txt,/Users/neerad/drowning-detection/datasets/dji003_priority_drowning_v2/previews/val/drowning__DJI_20260410103033_0018_D__frame_000953.jpg,4,"tread water,tread water,tread water,drowning",tread water,0.7195
DJI_20260410103033_0018_D.MP4,drowning,False,1013,val,/Users/neerad/drowning-detection/datasets/dji003_priority_drowning_v2/images/val/drowning__DJI_20260410103033_0018_D__frame_001013.jpg,/Users/neerad/drowning-detection/datasets/dji003_priority_drowning_v2/labels/val/drowning__DJI_20260410103033_0018_D__frame_001013.txt,/Users/neerad/drowning-detection/datasets/dji003_priority_drowning_v2/previews/val/drowning__DJI_20260410103033_0018_D__frame_001013.jpg,4,"tread water,tread water,tread water,drowning",tread water,0.6522
DJI_20260410103033_0018_D.MP4,drowning,False,1073,train,/Users/neerad/drowning-detection/datasets/dji003_priority_drowning_v2/images/train/drowning__DJI_20260410103033_0018_D__frame_001073.jpg,/Users/neerad/drowning-detection/datasets/dji003_priority_drowning_v2/labels/train/drowning__DJI_20260410103033_0018_D__frame_001073.txt,/Users/neerad/drowning-detection/datasets/dji003_priority_drowning_v2/previews/train/drowning__DJI_20260410103033_0018_D__frame_001073.jpg,4,"tread water,tread water,tread water,drowning",tread water,0.5419
DJI_20260410103033_0018_D.MP4,drowning,False,1356,train,/Users/neerad/drowning-detection/datasets/dji003_priority_drowning_v2/images/train/drowning__DJI_20260410103033_0018_D__frame_001356.jpg,/Users/neerad/drowning-detection/datasets/dji003_priority_drowning_v2/labels/train/drowning__DJI_20260410103033_0018_D__frame_001356.txt,/Users/neerad/drowning-detection/datasets/dji003_priority_drowning_v2/previews/train/drowning__DJI_20260410103033_0018_D__frame_001356.jpg,3,"tread water,tread water,drowning",tread water,0.3462
DJI_20260410103033_0018_D.MP4,drowning,False,1471,train,/Users/neerad/drowning-detection/datasets/dji003_priority_drowning_v2/images/train/drowning__DJI_20260410103033_0018_D__frame_001471.jpg,/Users/neerad/drowning-detection/datasets/dji003_priority_drowning_v2/labels/train/drowning__DJI_20260410103033_0018_D__frame_001471.txt,/Users/neerad/drowning-detection/datasets/dji003_priority_drowning_v2/previews/train/drowning__DJI_20260410103033_0018_D__frame_001471.jpg,2,"drowning,tread water",drowning,0.2897
DJI_20260410102649_0017_D.MP4,drowning,False,0,train,/Users/neerad/drowning-detection/datasets/dji003_priority_drowning_v2/images/train/drowning__DJI_20260410102649_0017_D__frame_000000.jpg,/Users/neerad/drowning-detection/datasets/dji003_priority_drowning_v2/labels/train/drowning__DJI_20260410102649_0017_D__frame_000000.txt,/Users/neerad/drowning-detection/datasets/dji003_priority_drowning_v2/previews/train/drowning__DJI_20260410102649_0017_D__frame_000000.jpg,5,"tread water,drowning,tread water,drowning,tread water",tread water,0.6986
DJI_20260410102649_0017_D.MP4,drowning,False,60,train,/Users/neerad/drowning-detection/datasets/dji003_priority_drowning_v2/images/train/drowning__DJI_20260410102649_0017_D__frame_000060.jpg,/Users/neerad/drowning-detection/datasets/dji003_priority_drowning_v2/labels/train/drowning__DJI_20260410102649_0017_D__frame_000060.txt,/Users/neerad/drowning-detection/datasets/dji003_priority_drowning_v2/previews/train/drowning__DJI_20260410102649_0017_D__frame_000060.jpg,4,"drowning,drowning,tread water,tread water",drowning,0.6926
DJI_20260410102649_0017_D.MP4,drowning,False,120,val,/Users/neerad/drowning-detection/datasets/dji003_priority_drowning_v2/images/val/drowning__DJI_20260410102649_0017_D__frame_000120.jpg,/Users/neerad/drowning-detection/datasets/dji003_priority_drowning_v2/labels/val/drowning__DJI_20260410102649_0017_D__frame_000120.txt,/Users/neerad/drowning-detection/datasets/dji003_priority_drowning_v2/previews/val/drowning__DJI_20260410102649_0017_D__frame_000120.jpg,4,"tread water,tread water,tread water,drowning",tread water,0.7007
DJI_20260410102649_0017_D.MP4,drowning,False,180,train,/Users/neerad/drowning-detection/datasets/dji003_priority_drowning_v2/images/train/drowning__DJI_20260410102649_0017_D__frame_000180.jpg,/Users/neerad/drowning-detection/datasets/dji003_priority_drowning_v2/labels/train/drowning__DJI_20260410102649_0017_D__frame_000180.txt,/Users/neerad/drowning-detection/datasets/dji003_priority_drowning_v2/previews/train/drowning__DJI_20260410102649_0017_D__frame_000180.jpg,4,"tread water,tread water,drowning,drowning",tread water,0.6056
DJI_20260410102649_0017_D.MP4,drowning,False,240,train,/Users/neerad/drowning-detection/datasets/dji003_priority_drowning_v2/images/train/drowning__DJI_20260410102649_0017_D__frame_000240.jpg,/Users/neerad/drowning-detection/datasets/dji003_priority_drowning_v2/labels/train/drowning__DJI_20260410102649_0017_D__frame_000240.txt,/Users/neerad/drowning-detection/datasets/dji003_priority_drowning_v2/previews/train/drowning__DJI_20260410102649_0017_D__frame_000240.jpg,3,"drowning,drowning,tread water",drowning,0.5506
DJI_20260410102649_0017_D.MP4,drowning,False,300,train,/Users/neerad/drowning-detection/datasets/dji003_priority_drowning_v2/images/train/drowning__DJI_20260410102649_0017_D__frame_000300.jpg,/Users/neerad/drowning-detection/datasets/dji003_priority_drowning_v2/labels/train/drowning__DJI_20260410102649_0017_D__frame_000300.txt,/Users/neerad/drowning-detection/datasets/dji003_priority_drowning_v2/previews/train/drowning__DJI_20260410102649_0017_D__frame_000300.jpg,4,"tread water,tread water,drowning,tread water",tread water,0.7280
DJI_20260410102649_0017_D.MP4,drowning,False,366,val,/Users/neerad/drowning-detection/datasets/dji003_priority_drowning_v2/images/val/drowning__DJI_20260410102649_0017_D__frame_000366.jpg,/Users/neerad/drowning-detection/datasets/dji003_priority_drowning_v2/labels/val/drowning__DJI_20260410102649_0017_D__frame_000366.txt,/Users/neerad/drowning-detection/datasets/dji003_priority_drowning_v2/previews/val/drowning__DJI_20260410102649_0017_D__frame_000366.jpg,4,"tread water,tread water,tread water,drowning",tread water,0.6398
DJI_20260410102649_0017_D.MP4,drowning,False,426,train,/Users/neerad/drowning-detection/datasets/dji003_priority_drowning_v2/images/train/drowning__DJI_20260410102649_0017_D__frame_000426.jpg,/Users/neerad/drowning-detection/datasets/dji003_priority_drowning_v2/labels/train/drowning__DJI_20260410102649_0017_D__frame_000426.txt,/Users/neerad/drowning-detection/datasets/dji003_priority_drowning_v2/previews/train/drowning__DJI_20260410102649_0017_D__frame_000426.jpg,4,"tread water,tread water,drowning,tread water",tread water,0.5825
DJI_20260410102649_0017_D.MP4,drowning,False,486,train,/Users/neerad/drowning-detection/datasets/dji003_priority_drowning_v2/images/train/drowning__DJI_20260410102649_0017_D__frame_000486.jpg,/Users/neerad/drowning-detection/datasets/dji003_priority_drowning_v2/labels/train/drowning__DJI_20260410102649_0017_D__frame_000486.txt,/Users/neerad/drowning-detection/datasets/dji003_priority_drowning_v2/previews/train/drowning__DJI_20260410102649_0017_D__frame_000486.jpg,3,"tread water,tread water,drowning",tread water,0.6646
DJI_20260410102649_0017_D.MP4,drowning,False,546,val,/Users/neerad/drowning-detection/datasets/dji003_priority_drowning_v2/images/val/drowning__DJI_20260410102649_0017_D__frame_000546.jpg,/Users/neerad/drowning-detection/datasets/dji003_priority_drowning_v2/labels/val/drowning__DJI_20260410102649_0017_D__frame_000546.txt,/Users/neerad/drowning-detection/datasets/dji003_priority_drowning_v2/previews/val/drowning__DJI_20260410102649_0017_D__frame_000546.jpg,4,"drowning,tread water,tread water,drowning",drowning,0.7413
DJI_20260410102649_0017_D.MP4,drowning,False,606,val,/Users/neerad/drowning-detection/datasets/dji003_priority_drowning_v2/images/val/drowning__DJI_20260410102649_0017_D__frame_000606.jpg,/Users/neerad/drowning-detection/datasets/dji003_priority_drowning_v2/labels/val/drowning__DJI_20260410102649_0017_D__frame_000606.txt,/Users/neerad/drowning-detection/datasets/dji003_priority_drowning_v2/previews/val/drowning__DJI_20260410102649_0017_D__frame_000606.jpg,5,"tread water,tread water,tread water,drowning,drowning",tread water,0.6095
DJI_20260410102649_0017_D.MP4,drowning,False,666,train,/Users/neerad/drowning-detection/datasets/dji003_priority_drowning_v2/images/train/drowning__DJI_20260410102649_0017_D__frame_000666.jpg,/Users/neerad/drowning-detection/datasets/dji003_priority_drowning_v2/labels/train/drowning__DJI_20260410102649_0017_D__frame_000666.txt,/Users/neerad/drowning-detection/datasets/dji003_priority_drowning_v2/previews/train/drowning__DJI_20260410102649_0017_D__frame_000666.jpg,4,"drowning,drowning,drowning,tread water",drowning,0.6471
DJI_20260410102649_0017_D.MP4,drowning,False,726,train,/Users/neerad/drowning-detection/datasets/dji003_priority_drowning_v2/images/train/drowning__DJI_20260410102649_0017_D__frame_000726.jpg,/Users/neerad/drowning-detection/datasets/dji003_priority_drowning_v2/labels/train/drowning__DJI_20260410102649_0017_D__frame_000726.txt,/Users/neerad/drowning-detection/datasets/dji003_priority_drowning_v2/previews/train/drowning__DJI_20260410102649_0017_D__frame_000726.jpg,4,"tread water,tread water,tread water,drowning",tread water,0.5505
DJI_20260410102649_0017_D.MP4,drowning,False,786,train,/Users/neerad/drowning-detection/datasets/dji003_priority_drowning_v2/images/train/drowning__DJI_20260410102649_0017_D__frame_000786.jpg,/Users/neerad/drowning-detection/datasets/dji003_priority_drowning_v2/labels/train/drowning__DJI_20260410102649_0017_D__frame_000786.txt,/Users/neerad/drowning-detection/datasets/dji003_priority_drowning_v2/previews/train/drowning__DJI_20260410102649_0017_D__frame_000786.jpg,5,"drowning,tread water,drowning,drowning,tread water",drowning,0.4949
DJI_20260410102649_0017_D.MP4,drowning,False,846,train,/Users/neerad/drowning-detection/datasets/dji003_priority_drowning_v2/images/train/drowning__DJI_20260410102649_0017_D__frame_000846.jpg,/Users/neerad/drowning-detection/datasets/dji003_priority_drowning_v2/labels/train/drowning__DJI_20260410102649_0017_D__frame_000846.txt,/Users/neerad/drowning-detection/datasets/dji003_priority_drowning_v2/previews/train/drowning__DJI_20260410102649_0017_D__frame_000846.jpg,3,"drowning,tread water,tread water",drowning,0.6463
DJI_20260410102649_0017_D.MP4,drowning,False,906,train,/Users/neerad/drowning-detection/datasets/dji003_priority_drowning_v2/images/train/drowning__DJI_20260410102649_0017_D__frame_000906.jpg,/Users/neerad/drowning-detection/datasets/dji003_priority_drowning_v2/labels/train/drowning__DJI_20260410102649_0017_D__frame_000906.txt,/Users/neerad/drowning-detection/datasets/dji003_priority_drowning_v2/previews/train/drowning__DJI_20260410102649_0017_D__frame_000906.jpg,3,"drowning,tread water,drowning",drowning,0.6699
DJI_20260410102649_0017_D.MP4,drowning,False,966,train,/Users/neerad/drowning-detection/datasets/dji003_priority_drowning_v2/images/train/drowning__DJI_20260410102649_0017_D__frame_000966.jpg,/Users/neerad/drowning-detection/datasets/dji003_priority_drowning_v2/labels/train/drowning__DJI_20260410102649_0017_D__frame_000966.txt,/Users/neerad/drowning-detection/datasets/dji003_priority_drowning_v2/previews/train/drowning__DJI_20260410102649_0017_D__frame_000966.jpg,5,"tread water,tread water,tread water,drowning,drowning",tread water,0.6858
DJI_20260410102649_0017_D.MP4,drowning,False,1026,train,/Users/neerad/drowning-detection/datasets/dji003_priority_drowning_v2/images/train/drowning__DJI_20260410102649_0017_D__frame_001026.jpg,/Users/neerad/drowning-detection/datasets/dji003_priority_drowning_v2/labels/train/drowning__DJI_20260410102649_0017_D__frame_001026.txt,/Users/neerad/drowning-detection/datasets/dji003_priority_drowning_v2/previews/train/drowning__DJI_20260410102649_0017_D__frame_001026.jpg,5,"tread water,tread water,tread water,drowning,drowning",tread water,0.5923
DJI_20260410102649_0017_D.MP4,drowning,False,1086,train,/Users/neerad/drowning-detection/datasets/dji003_priority_drowning_v2/images/train/drowning__DJI_20260410102649_0017_D__frame_001086.jpg,/Users/neerad/drowning-detection/datasets/dji003_priority_drowning_v2/labels/train/drowning__DJI_20260410102649_0017_D__frame_001086.txt,/Users/neerad/drowning-detection/datasets/dji003_priority_drowning_v2/previews/train/drowning__DJI_20260410102649_0017_D__frame_001086.jpg,3,"tread water,tread water,drowning",tread water,0.5013
DJI_20260410102649_0017_D.MP4,drowning,False,1146,train,/Users/neerad/drowning-detection/datasets/dji003_priority_drowning_v2/images/train/drowning__DJI_20260410102649_0017_D__frame_001146.jpg,/Users/neerad/drowning-detection/datasets/dji003_priority_drowning_v2/labels/train/drowning__DJI_20260410102649_0017_D__frame_001146.txt,/Users/neerad/drowning-detection/datasets/dji003_priority_drowning_v2/previews/train/drowning__DJI_20260410102649_0017_D__frame_001146.jpg,4,"tread water,drowning,tread water,drowning",tread water,0.6486
DJI_20260410102649_0017_D.MP4,drowning,False,1206,train,/Users/neerad/drowning-detection/datasets/dji003_priority_drowning_v2/images/train/drowning__DJI_20260410102649_0017_D__frame_001206.jpg,/Users/neerad/drowning-detection/datasets/dji003_priority_drowning_v2/labels/train/drowning__DJI_20260410102649_0017_D__frame_001206.txt,/Users/neerad/drowning-detection/datasets/dji003_priority_drowning_v2/previews/train/drowning__DJI_20260410102649_0017_D__frame_001206.jpg,3,"tread water,tread water,drowning",tread water,0.6804
DJI_20260410102649_0017_D.MP4,drowning,False,1266,train,/Users/neerad/drowning-detection/datasets/dji003_priority_drowning_v2/images/train/drowning__DJI_20260410102649_0017_D__frame_001266.jpg,/Users/neerad/drowning-detection/datasets/dji003_priority_drowning_v2/labels/train/drowning__DJI_20260410102649_0017_D__frame_001266.txt,/Users/neerad/drowning-detection/datasets/dji003_priority_drowning_v2/previews/train/drowning__DJI_20260410102649_0017_D__frame_001266.jpg,5,"tread water,tread water,tread water,drowning,drowning",tread water,0.5445
DJI_20260410102649_0017_D.MP4,drowning,False,1327,train,/Users/neerad/drowning-detection/datasets/dji003_priority_drowning_v2/images/train/drowning__DJI_20260410102649_0017_D__frame_001327.jpg,/Users/neerad/drowning-detection/datasets/dji003_priority_drowning_v2/labels/train/drowning__DJI_20260410102649_0017_D__frame_001327.txt,/Users/neerad/drowning-detection/datasets/dji003_priority_drowning_v2/previews/train/drowning__DJI_20260410102649_0017_D__frame_001327.jpg,5,"tread water,tread water,tread water,tread water,drowning",tread water,0.7051
DJI_20260410102649_0017_D.MP4,drowning,False,1387,train,/Users/neerad/drowning-detection/datasets/dji003_priority_drowning_v2/images/train/drowning__DJI_20260410102649_0017_D__frame_001387.jpg,/Users/neerad/drowning-detection/datasets/dji003_priority_drowning_v2/labels/train/drowning__DJI_20260410102649_0017_D__frame_001387.txt,/Users/neerad/drowning-detection/datasets/dji003_priority_drowning_v2/previews/train/drowning__DJI_20260410102649_0017_D__frame_001387.jpg,4,"tread water,tread water,tread water,drowning",tread water,0.6362
DJI_20260410102649_0017_D.MP4,drowning,False,1447,val,/Users/neerad/drowning-detection/datasets/dji003_priority_drowning_v2/images/val/drowning__DJI_20260410102649_0017_D__frame_001447.jpg,/Users/neerad/drowning-detection/datasets/dji003_priority_drowning_v2/labels/val/drowning__DJI_20260410102649_0017_D__frame_001447.txt,/Users/neerad/drowning-detection/datasets/dji003_priority_drowning_v2/previews/val/drowning__DJI_20260410102649_0017_D__frame_001447.jpg,4,"tread water,tread water,tread water,drowning",tread water,0.7422
DJI_20260410102649_0017_D.MP4,drowning,False,1507,train,/Users/neerad/drowning-detection/datasets/dji003_priority_drowning_v2/images/train/drowning__DJI_20260410102649_0017_D__frame_001507.jpg,/Users/neerad/drowning-detection/datasets/dji003_priority_drowning_v2/labels/train/drowning__DJI_20260410102649_0017_D__frame_001507.txt,/Users/neerad/drowning-detection/datasets/dji003_priority_drowning_v2/previews/train/drowning__DJI_20260410102649_0017_D__frame_001507.jpg,3,"tread water,drowning,tread water",tread water,0.5454
DJI_20260410102649_0017_D.MP4,drowning,False,1567,train,/Users/neerad/drowning-detection/datasets/dji003_priority_drowning_v2/images/train/drowning__DJI_20260410102649_0017_D__frame_001567.jpg,/Users/neerad/drowning-detection/datasets/dji003_priority_drowning_v2/labels/train/drowning__DJI_20260410102649_0017_D__frame_001567.txt,/Users/neerad/drowning-detection/datasets/dji003_priority_drowning_v2/previews/train/drowning__DJI_20260410102649_0017_D__frame_001567.jpg,4,"drowning,tread water,drowning,tread water",drowning,0.7095
DJI_20260410102649_0017_D.MP4,drowning,False,1627,val,/Users/neerad/drowning-detection/datasets/dji003_priority_drowning_v2/images/val/drowning__DJI_20260410102649_0017_D__frame_001627.jpg,/Users/neerad/drowning-detection/datasets/dji003_priority_drowning_v2/labels/val/drowning__DJI_20260410102649_0017_D__frame_001627.txt,/Users/neerad/drowning-detection/datasets/dji003_priority_drowning_v2/previews/val/drowning__DJI_20260410102649_0017_D__frame_001627.jpg,3,"tread water,drowning,drowning",tread water,0.7169
DJI_20260410102649_0017_D.MP4,drowning,False,1687,train,/Users/neerad/drowning-detection/datasets/dji003_priority_drowning_v2/images/train/drowning__DJI_20260410102649_0017_D__frame_001687.jpg,/Users/neerad/drowning-detection/datasets/dji003_priority_drowning_v2/labels/train/drowning__DJI_20260410102649_0017_D__frame_001687.txt,/Users/neerad/drowning-detection/datasets/dji003_priority_drowning_v2/previews/train/drowning__DJI_20260410102649_0017_D__frame_001687.jpg,2,"swimming,drowning",swimming,0.5348
DJI_20260410102649_0017_D.MP4,drowning,False,1747,val,/Users/neerad/drowning-detection/datasets/dji003_priority_drowning_v2/images/val/drowning__DJI_20260410102649_0017_D__frame_001747.jpg,/Users/neerad/drowning-detection/datasets/dji003_priority_drowning_v2/labels/val/drowning__DJI_20260410102649_0017_D__frame_001747.txt,/Users/neerad/drowning-detection/datasets/dji003_priority_drowning_v2/previews/val/drowning__DJI_20260410102649_0017_D__frame_001747.jpg,3,"drowning,drowning,tread water",drowning,0.5471
DJI_20260410102649_0017_D.MP4,drowning,False,1807,train,/Users/neerad/drowning-detection/datasets/dji003_priority_drowning_v2/images/train/drowning__DJI_20260410102649_0017_D__frame_001807.jpg,/Users/neerad/drowning-detection/datasets/dji003_priority_drowning_v2/labels/train/drowning__DJI_20260410102649_0017_D__frame_001807.txt,/Users/neerad/drowning-detection/datasets/dji003_priority_drowning_v2/previews/train/drowning__DJI_20260410102649_0017_D__frame_001807.jpg,2,"drowning,drowning",drowning,0.5448
DJI_20260410102649_0017_D.MP4,drowning,False,1867,train,/Users/neerad/drowning-detection/datasets/dji003_priority_drowning_v2/images/train/drowning__DJI_20260410102649_0017_D__frame_001867.jpg,/Users/neerad/drowning-detection/datasets/dji003_priority_drowning_v2/labels/train/drowning__DJI_20260410102649_0017_D__frame_001867.txt,/Users/neerad/drowning-detection/datasets/dji003_priority_drowning_v2/previews/train/drowning__DJI_20260410102649_0017_D__frame_001867.jpg,2,"drowning,tread water",drowning,0.6934
DJI_20260410102649_0017_D.MP4,drowning,False,1927,train,/Users/neerad/drowning-detection/datasets/dji003_priority_drowning_v2/images/train/drowning__DJI_20260410102649_0017_D__frame_001927.jpg,/Users/neerad/drowning-detection/datasets/dji003_priority_drowning_v2/labels/train/drowning__DJI_20260410102649_0017_D__frame_001927.txt,/Users/neerad/drowning-detection/datasets/dji003_priority_drowning_v2/previews/train/drowning__DJI_20260410102649_0017_D__frame_001927.jpg,3,"drowning,drowning,tread water",drowning,0.4853
DJI_20260410102649_0017_D.MP4,drowning,False,1987,train,/Users/neerad/drowning-detection/datasets/dji003_priority_drowning_v2/images/train/drowning__DJI_20260410102649_0017_D__frame_001987.jpg,/Users/neerad/drowning-detection/datasets/dji003_priority_drowning_v2/labels/train/drowning__DJI_20260410102649_0017_D__frame_001987.txt,/Users/neerad/drowning-detection/datasets/dji003_priority_drowning_v2/previews/train/drowning__DJI_20260410102649_0017_D__frame_001987.jpg,4,"tread water,drowning,drowning,tread water",tread water,0.6924
DJI_20260410102649_0017_D.MP4,drowning,False,2047,train,/Users/neerad/drowning-detection/datasets/dji003_priority_drowning_v2/images/train/drowning__DJI_20260410102649_0017_D__frame_002047.jpg,/Users/neerad/drowning-detection/datasets/dji003_priority_drowning_v2/labels/train/drowning__DJI_20260410102649_0017_D__frame_002047.txt,/Users/neerad/drowning-detection/datasets/dji003_priority_drowning_v2/previews/train/drowning__DJI_20260410102649_0017_D__frame_002047.jpg,3,"tread water,drowning,tread water",tread water,0.7106
DJI_20260410102649_0017_D.MP4,drowning,False,2108,train,/Users/neerad/drowning-detection/datasets/dji003_priority_drowning_v2/images/train/drowning__DJI_20260410102649_0017_D__frame_002108.jpg,/Users/neerad/drowning-detection/datasets/dji003_priority_drowning_v2/labels/train/drowning__DJI_20260410102649_0017_D__frame_002108.txt,/Users/neerad/drowning-detection/datasets/dji003_priority_drowning_v2/previews/train/drowning__DJI_20260410102649_0017_D__frame_002108.jpg,3,"tread water,tread water,drowning",tread water,0.7411
DJI_20260410102649_0017_D.MP4,drowning,False,2168,train,/Users/neerad/drowning-detection/datasets/dji003_priority_drowning_v2/images/train/drowning__DJI_20260410102649_0017_D__frame_002168.jpg,/Users/neerad/drowning-detection/datasets/dji003_priority_drowning_v2/labels/train/drowning__DJI_20260410102649_0017_D__frame_002168.txt,/Users/neerad/drowning-detection/datasets/dji003_priority_drowning_v2/previews/train/drowning__DJI_20260410102649_0017_D__frame_002168.jpg,3,"tread water,tread water,drowning",tread water,0.6382
DJI_20260410102649_0017_D.MP4,drowning,False,2229,train,/Users/neerad/drowning-detection/datasets/dji003_priority_drowning_v2/images/train/drowning__DJI_20260410102649_0017_D__frame_002229.jpg,/Users/neerad/drowning-detection/datasets/dji003_priority_drowning_v2/labels/train/drowning__DJI_20260410102649_0017_D__frame_002229.txt,/Users/neerad/drowning-detection/datasets/dji003_priority_drowning_v2/previews/train/drowning__DJI_20260410102649_0017_D__frame_002229.jpg,3,"tread water,tread water,drowning",tread water,0.7183
DJI_20260410102649_0017_D.MP4,drowning,False,2289,train,/Users/neerad/drowning-detection/datasets/dji003_priority_drowning_v2/images/train/drowning__DJI_20260410102649_0017_D__frame_002289.jpg,/Users/neerad/drowning-detection/datasets/dji003_priority_drowning_v2/labels/train/drowning__DJI_20260410102649_0017_D__frame_002289.txt,/Users/neerad/drowning-detection/datasets/dji003_priority_drowning_v2/previews/train/drowning__DJI_20260410102649_0017_D__frame_002289.jpg,2,"tread water,drowning",tread water,0.7992
DJI_20260410102649_0017_D.MP4,drowning,False,2372,val,/Users/neerad/drowning-detection/datasets/dji003_priority_drowning_v2/images/val/drowning__DJI_20260410102649_0017_D__frame_002372.jpg,/Users/neerad/drowning-detection/datasets/dji003_priority_drowning_v2/labels/val/drowning__DJI_20260410102649_0017_D__frame_002372.txt,/Users/neerad/drowning-detection/datasets/dji003_priority_drowning_v2/previews/val/drowning__DJI_20260410102649_0017_D__frame_002372.jpg,3,"tread water,tread water,drowning",tread water,0.7607
DJI_20260410102649_0017_D.MP4,drowning,False,2432,train,/Users/neerad/drowning-detection/datasets/dji003_priority_drowning_v2/images/train/drowning__DJI_20260410102649_0017_D__frame_002432.jpg,/Users/neerad/drowning-detection/datasets/dji003_priority_drowning_v2/labels/train/drowning__DJI_20260410102649_0017_D__frame_002432.txt,/Users/neerad/drowning-detection/datasets/dji003_priority_drowning_v2/previews/train/drowning__DJI_20260410102649_0017_D__frame_002432.jpg,5,"tread water,tread water,drowning,drowning,tread water",tread water,0.7009
DJI_20260410102649_0017_D.MP4,drowning,False,2500,val,/Users/neerad/drowning-detection/datasets/dji003_priority_drowning_v2/images/val/drowning__DJI_20260410102649_0017_D__frame_002500.jpg,/Users/neerad/drowning-detection/datasets/dji003_priority_drowning_v2/labels/val/drowning__DJI_20260410102649_0017_D__frame_002500.txt,/Users/neerad/drowning-detection/datasets/dji003_priority_drowning_v2/previews/val/drowning__DJI_20260410102649_0017_D__frame_002500.jpg,4,"tread water,tread water,tread water,drowning",tread water,0.7628
DJI_20260410102649_0017_D.MP4,drowning,False,2599,train,/Users/neerad/drowning-detection/datasets/dji003_priority_drowning_v2/images/train/drowning__DJI_20260410102649_0017_D__frame_002599.jpg,/Users/neerad/drowning-detection/datasets/dji003_priority_drowning_v2/labels/train/drowning__DJI_20260410102649_0017_D__frame_002599.txt,/Users/neerad/drowning-detection/datasets/dji003_priority_drowning_v2/previews/train/drowning__DJI_20260410102649_0017_D__frame_002599.jpg,4,"tread water,tread water,tread water,drowning",tread water,0.7609
DJI_20260410102649_0017_D.MP4,drowning,False,2663,train,/Users/neerad/drowning-detection/datasets/dji003_priority_drowning_v2/images/train/drowning__DJI_20260410102649_0017_D__frame_002663.jpg,/Users/neerad/drowning-detection/datasets/dji003_priority_drowning_v2/labels/train/drowning__DJI_20260410102649_0017_D__frame_002663.txt,/Users/neerad/drowning-detection/datasets/dji003_priority_drowning_v2/previews/train/drowning__DJI_20260410102649_0017_D__frame_002663.jpg,4,"tread water,tread water,tread water,drowning",tread water,0.7805
DJI_20260410102649_0017_D.MP4,drowning,False,2777,train,/Users/neerad/drowning-detection/datasets/dji003_priority_drowning_v2/images/train/drowning__DJI_20260410102649_0017_D__frame_002777.jpg,/Users/neerad/drowning-detection/datasets/dji003_priority_drowning_v2/labels/train/drowning__DJI_20260410102649_0017_D__frame_002777.txt,/Users/neerad/drowning-detection/datasets/dji003_priority_drowning_v2/previews/train/drowning__DJI_20260410102649_0017_D__frame_002777.jpg,4,"tread water,tread water,tread water,drowning",tread water,0.6831
DJI_20260410102649_0017_D.MP4,drowning,False,2867,train,/Users/neerad/drowning-detection/datasets/dji003_priority_drowning_v2/images/train/drowning__DJI_20260410102649_0017_D__frame_002867.jpg,/Users/neerad/drowning-detection/datasets/dji003_priority_drowning_v2/labels/train/drowning__DJI_20260410102649_0017_D__frame_002867.txt,/Users/neerad/drowning-detection/datasets/dji003_priority_drowning_v2/previews/train/drowning__DJI_20260410102649_0017_D__frame_002867.jpg,4,"tread water,tread water,tread water,drowning",tread water,0.7322
DJI_20260410102649_0017_D.MP4,drowning,False,2927,train,/Users/neerad/drowning-detection/datasets/dji003_priority_drowning_v2/images/train/drowning__DJI_20260410102649_0017_D__frame_002927.jpg,/Users/neerad/drowning-detection/datasets/dji003_priority_drowning_v2/labels/train/drowning__DJI_20260410102649_0017_D__frame_002927.txt,/Users/neerad/drowning-detection/datasets/dji003_priority_drowning_v2/previews/train/drowning__DJI_20260410102649_0017_D__frame_002927.jpg,4,"tread water,tread water,drowning,tread water",tread water,0.7763
DJI_20260410102649_0017_D.MP4,drowning,False,2989,train,/Users/neerad/drowning-detection/datasets/dji003_priority_drowning_v2/images/train/drowning__DJI_20260410102649_0017_D__frame_002989.jpg,/Users/neerad/drowning-detection/datasets/dji003_priority_drowning_v2/labels/train/drowning__DJI_20260410102649_0017_D__frame_002989.txt,/Users/neerad/drowning-detection/datasets/dji003_priority_drowning_v2/previews/train/drowning__DJI_20260410102649_0017_D__frame_002989.jpg,4,"tread water,tread water,tread water,drowning",tread water,0.7794
DJI_20260410102649_0017_D.MP4,drowning,False,3049,train,/Users/neerad/drowning-detection/datasets/dji003_priority_drowning_v2/images/train/drowning__DJI_20260410102649_0017_D__frame_003049.jpg,/Users/neerad/drowning-detection/datasets/dji003_priority_drowning_v2/labels/train/drowning__DJI_20260410102649_0017_D__frame_003049.txt,/Users/neerad/drowning-detection/datasets/dji003_priority_drowning_v2/previews/train/drowning__DJI_20260410102649_0017_D__frame_003049.jpg,4,"tread water,tread water,tread water,drowning",tread water,0.7460
DJI_20260410102649_0017_D.MP4,drowning,False,3109,train,/Users/neerad/drowning-detection/datasets/dji003_priority_drowning_v2/images/train/drowning__DJI_20260410102649_0017_D__frame_003109.jpg,/Users/neerad/drowning-detection/datasets/dji003_priority_drowning_v2/labels/train/drowning__DJI_20260410102649_0017_D__frame_003109.txt,/Users/neerad/drowning-detection/datasets/dji003_priority_drowning_v2/previews/train/drowning__DJI_20260410102649_0017_D__frame_003109.jpg,4,"tread water,tread water,tread water,drowning",tread water,0.7949
DJI_20260410102649_0017_D.MP4,drowning,False,3169,val,/Users/neerad/drowning-detection/datasets/dji003_priority_drowning_v2/images/val/drowning__DJI_20260410102649_0017_D__frame_003169.jpg,/Users/neerad/drowning-detection/datasets/dji003_priority_drowning_v2/labels/val/drowning__DJI_20260410102649_0017_D__frame_003169.txt,/Users/neerad/drowning-detection/datasets/dji003_priority_drowning_v2/previews/val/drowning__DJI_20260410102649_0017_D__frame_003169.jpg,3,"tread water,tread water,drowning",tread water,0.7628
DJI_20260410102649_0017_D.MP4,drowning,False,3229,train,/Users/neerad/drowning-detection/datasets/dji003_priority_drowning_v2/images/train/drowning__DJI_20260410102649_0017_D__frame_003229.jpg,/Users/neerad/drowning-detection/datasets/dji003_priority_drowning_v2/labels/train/drowning__DJI_20260410102649_0017_D__frame_003229.txt,/Users/neerad/drowning-detection/datasets/dji003_priority_drowning_v2/previews/train/drowning__DJI_20260410102649_0017_D__frame_003229.jpg,5,"tread water,tread water,drowning,tread water,drowning",tread water,0.6849
DJI_20260410102649_0017_D.MP4,drowning,False,3290,train,/Users/neerad/drowning-detection/datasets/dji003_priority_drowning_v2/images/train/drowning__DJI_20260410102649_0017_D__frame_003290.jpg,/Users/neerad/drowning-detection/datasets/dji003_priority_drowning_v2/labels/train/drowning__DJI_20260410102649_0017_D__frame_003290.txt,/Users/neerad/drowning-detection/datasets/dji003_priority_drowning_v2/previews/train/drowning__DJI_20260410102649_0017_D__frame_003290.jpg,4,"tread water,tread water,tread water,drowning",tread water,0.8003
DJI_20260410102649_0017_D.MP4,drowning,False,3360,train,/Users/neerad/drowning-detection/datasets/dji003_priority_drowning_v2/images/train/drowning__DJI_20260410102649_0017_D__frame_003360.jpg,/Users/neerad/drowning-detection/datasets/dji003_priority_drowning_v2/labels/train/drowning__DJI_20260410102649_0017_D__frame_003360.txt,/Users/neerad/drowning-detection/datasets/dji003_priority_drowning_v2/previews/train/drowning__DJI_20260410102649_0017_D__frame_003360.jpg,4,"tread water,tread water,tread water,drowning",tread water,0.7921
DJI_20260410102649_0017_D.MP4,drowning,False,3431,train,/Users/neerad/drowning-detection/datasets/dji003_priority_drowning_v2/images/train/drowning__DJI_20260410102649_0017_D__frame_003431.jpg,/Users/neerad/drowning-detection/datasets/dji003_priority_drowning_v2/labels/train/drowning__DJI_20260410102649_0017_D__frame_003431.txt,/Users/neerad/drowning-detection/datasets/dji003_priority_drowning_v2/previews/train/drowning__DJI_20260410102649_0017_D__frame_003431.jpg,4,"tread water,tread water,tread water,drowning",tread water,0.6336
DJI_20260410102649_0017_D.MP4,drowning,False,3491,train,/Users/neerad/drowning-detection/datasets/dji003_priority_drowning_v2/images/train/drowning__DJI_20260410102649_0017_D__frame_003491.jpg,/Users/neerad/drowning-detection/datasets/dji003_priority_drowning_v2/labels/train/drowning__DJI_20260410102649_0017_D__frame_003491.txt,/Users/neerad/drowning-detection/datasets/dji003_priority_drowning_v2/previews/train/drowning__DJI_20260410102649_0017_D__frame_003491.jpg,6,"tread water,tread water,drowning,tread water,drowning,drowning",tread water,0.5787
DJI_20260410102649_0017_D.MP4,drowning,False,3551,train,/Users/neerad/drowning-detection/datasets/dji003_priority_drowning_v2/images/train/drowning__DJI_20260410102649_0017_D__frame_003551.jpg,/Users/neerad/drowning-detection/datasets/dji003_priority_drowning_v2/labels/train/drowning__DJI_20260410102649_0017_D__frame_003551.txt,/Users/neerad/drowning-detection/datasets/dji003_priority_drowning_v2/previews/train/drowning__DJI_20260410102649_0017_D__frame_003551.jpg,2,"tread water,drowning",tread water,0.6075
DJI_20260410102649_0017_D.MP4,drowning,False,3611,train,/Users/neerad/drowning-detection/datasets/dji003_priority_drowning_v2/images/train/drowning__DJI_20260410102649_0017_D__frame_003611.jpg,/Users/neerad/drowning-detection/datasets/dji003_priority_drowning_v2/labels/train/drowning__DJI_20260410102649_0017_D__frame_003611.txt,/Users/neerad/drowning-detection/datasets/dji003_priority_drowning_v2/previews/train/drowning__DJI_20260410102649_0017_D__frame_003611.jpg,5,"tread water,drowning,tread water,tread water,drowning",tread water,0.6256
DJI_20260410102649_0017_D.MP4,drowning,False,3671,train,/Users/neerad/drowning-detection/datasets/dji003_priority_drowning_v2/images/train/drowning__DJI_20260410102649_0017_D__frame_003671.jpg,/Users/neerad/drowning-detection/datasets/dji003_priority_drowning_v2/labels/train/drowning__DJI_20260410102649_0017_D__frame_003671.txt,/Users/neerad/drowning-detection/datasets/dji003_priority_drowning_v2/previews/train/drowning__DJI_20260410102649_0017_D__frame_003671.jpg,4,"tread water,drowning,tread water,tread water",tread water,0.4935
DJI_20260410102649_0017_D.MP4,drowning,False,3731,train,/Users/neerad/drowning-detection/datasets/dji003_priority_drowning_v2/images/train/drowning__DJI_20260410102649_0017_D__frame_003731.jpg,/Users/neerad/drowning-detection/datasets/dji003_priority_drowning_v2/labels/train/drowning__DJI_20260410102649_0017_D__frame_003731.txt,/Users/neerad/drowning-detection/datasets/dji003_priority_drowning_v2/previews/train/drowning__DJI_20260410102649_0017_D__frame_003731.jpg,4,"tread water,tread water,tread water,drowning",tread water,0.6981
DJI_20260410102649_0017_D.MP4,drowning,False,3791,train,/Users/neerad/drowning-detection/datasets/dji003_priority_drowning_v2/images/train/drowning__DJI_20260410102649_0017_D__frame_003791.jpg,/Users/neerad/drowning-detection/datasets/dji003_priority_drowning_v2/labels/train/drowning__DJI_20260410102649_0017_D__frame_003791.txt,/Users/neerad/drowning-detection/datasets/dji003_priority_drowning_v2/previews/train/drowning__DJI_20260410102649_0017_D__frame_003791.jpg,3,"tread water,tread water,drowning",tread water,0.7848
DJI_20260410102649_0017_D.MP4,drowning,False,3851,train,/Users/neerad/drowning-detection/datasets/dji003_priority_drowning_v2/images/train/drowning__DJI_20260410102649_0017_D__frame_003851.jpg,/Users/neerad/drowning-detection/datasets/dji003_priority_drowning_v2/labels/train/drowning__DJI_20260410102649_0017_D__frame_003851.txt,/Users/neerad/drowning-detection/datasets/dji003_priority_drowning_v2/previews/train/drowning__DJI_20260410102649_0017_D__frame_003851.jpg,3,"tread water,drowning,tread water",tread water,0.7082
DJI_20260410102649_0017_D.MP4,drowning,False,3911,train,/Users/neerad/drowning-detection/datasets/dji003_priority_drowning_v2/images/train/drowning__DJI_20260410102649_0017_D__frame_003911.jpg,/Users/neerad/drowning-detection/datasets/dji003_priority_drowning_v2/labels/train/drowning__DJI_20260410102649_0017_D__frame_003911.txt,/Users/neerad/drowning-detection/datasets/dji003_priority_drowning_v2/previews/train/drowning__DJI_20260410102649_0017_D__frame_003911.jpg,2,"drowning,tread water",drowning,0.7487
DJI_20260410102649_0017_D.MP4,drowning,False,3974,train,/Users/neerad/drowning-detection/datasets/dji003_priority_drowning_v2/images/train/drowning__DJI_20260410102649_0017_D__frame_003974.jpg,/Users/neerad/drowning-detection/datasets/dji003_priority_drowning_v2/labels/train/drowning__DJI_20260410102649_0017_D__frame_003974.txt,/Users/neerad/drowning-detection/datasets/dji003_priority_drowning_v2/previews/train/drowning__DJI_20260410102649_0017_D__frame_003974.jpg,3,"tread water,tread water,drowning",tread water,0.7266
DJI_20260410102649_0017_D.MP4,drowning,False,4034,train,/Users/neerad/drowning-detection/datasets/dji003_priority_drowning_v2/images/train/drowning__DJI_20260410102649_0017_D__frame_004034.jpg,/Users/neerad/drowning-detection/datasets/dji003_priority_drowning_v2/labels/train/drowning__DJI_20260410102649_0017_D__frame_004034.txt,/Users/neerad/drowning-detection/datasets/dji003_priority_drowning_v2/previews/train/drowning__DJI_20260410102649_0017_D__frame_004034.jpg,2,"tread water,drowning",tread water,0.6854
DJI_20260410102649_0017_D.MP4,drowning,False,4094,train,/Users/neerad/drowning-detection/datasets/dji003_priority_drowning_v2/images/train/drowning__DJI_20260410102649_0017_D__frame_004094.jpg,/Users/neerad/drowning-detection/datasets/dji003_priority_drowning_v2/labels/train/drowning__DJI_20260410102649_0017_D__frame_004094.txt,/Users/neerad/drowning-detection/datasets/dji003_priority_drowning_v2/previews/train/drowning__DJI_20260410102649_0017_D__frame_004094.jpg,1,drowning,drowning,0.7281
DJI_20260410102649_0017_D.MP4,drowning,False,4154,train,/Users/neerad/drowning-detection/datasets/dji003_priority_drowning_v2/images/train/drowning__DJI_20260410102649_0017_D__frame_004154.jpg,/Users/neerad/drowning-detection/datasets/dji003_priority_drowning_v2/labels/train/drowning__DJI_20260410102649_0017_D__frame_004154.txt,/Users/neerad/drowning-detection/datasets/dji003_priority_drowning_v2/previews/train/drowning__DJI_20260410102649_0017_D__frame_004154.jpg,1,drowning,drowning,0.6169
DJI_20260410102649_0017_D.MP4,drowning,False,4214,train,/Users/neerad/drowning-detection/datasets/dji003_priority_drowning_v2/images/train/drowning__DJI_20260410102649_0017_D__frame_004214.jpg,/Users/neerad/drowning-detection/datasets/dji003_priority_drowning_v2/labels/train/drowning__DJI_20260410102649_0017_D__frame_004214.txt,/Users/neerad/drowning-detection/datasets/dji003_priority_drowning_v2/previews/train/drowning__DJI_20260410102649_0017_D__frame_004214.jpg,2,"drowning,tread water",drowning,0.6519
DJI_20260410102649_0017_D.MP4,drowning,False,4274,train,/Users/neerad/drowning-detection/datasets/dji003_priority_drowning_v2/images/train/drowning__DJI_20260410102649_0017_D__frame_004274.jpg,/Users/neerad/drowning-detection/datasets/dji003_priority_drowning_v2/labels/train/drowning__DJI_20260410102649_0017_D__frame_004274.txt,/Users/neerad/drowning-detection/datasets/dji003_priority_drowning_v2/previews/train/drowning__DJI_20260410102649_0017_D__frame_004274.jpg,1,drowning,drowning,0.6812
DJI_20260410102649_0017_D.MP4,drowning,False,4334,train,/Users/neerad/drowning-detection/datasets/dji003_priority_drowning_v2/images/train/drowning__DJI_20260410102649_0017_D__frame_004334.jpg,/Users/neerad/drowning-detection/datasets/dji003_priority_drowning_v2/labels/train/drowning__DJI_20260410102649_0017_D__frame_004334.txt,/Users/neerad/drowning-detection/datasets/dji003_priority_drowning_v2/previews/train/drowning__DJI_20260410102649_0017_D__frame_004334.jpg,2,"drowning,tread water",drowning,0.4813
DJI_20260410102649_0017_D.MP4,drowning,False,4476,train,/Users/neerad/drowning-detection/datasets/dji003_priority_drowning_v2/images/train/drowning__DJI_20260410102649_0017_D__frame_004476.jpg,/Users/neerad/drowning-detection/datasets/dji003_priority_drowning_v2/labels/train/drowning__DJI_20260410102649_0017_D__frame_004476.txt,/Users/neerad/drowning-detection/datasets/dji003_priority_drowning_v2/previews/train/drowning__DJI_20260410102649_0017_D__frame_004476.jpg,1,drowning,drowning,0.3791
DJI_20260410102649_0017_D.MP4,drowning,False,4555,val,/Users/neerad/drowning-detection/datasets/dji003_priority_drowning_v2/images/val/drowning__DJI_20260410102649_0017_D__frame_004555.jpg,/Users/neerad/drowning-detection/datasets/dji003_priority_drowning_v2/labels/val/drowning__DJI_20260410102649_0017_D__frame_004555.txt,/Users/neerad/drowning-detection/datasets/dji003_priority_drowning_v2/previews/val/drowning__DJI_20260410102649_0017_D__frame_004555.jpg,2,"tread water,drowning",tread water,0.3641
DJI_20260410102649_0017_D.MP4,drowning,False,5341,val,/Users/neerad/drowning-detection/datasets/dji003_priority_drowning_v2/images/val/drowning__DJI_20260410102649_0017_D__frame_005341.jpg,/Users/neerad/drowning-detection/datasets/dji003_priority_drowning_v2/labels/val/drowning__DJI_20260410102649_0017_D__frame_005341.txt,/Users/neerad/drowning-detection/datasets/dji003_priority_drowning_v2/previews/val/drowning__DJI_20260410102649_0017_D__frame_005341.jpg,1,drowning,drowning,0.2320
DJI_20260410102649_0017_D.MP4,drowning,False,5405,val,/Users/neerad/drowning-detection/datasets/dji003_priority_drowning_v2/images/val/drowning__DJI_20260410102649_0017_D__frame_005405.jpg,/Users/neerad/drowning-detection/datasets/dji003_priority_drowning_v2/labels/val/drowning__DJI_20260410102649_0017_D__frame_005405.txt,/Users/neerad/drowning-detection/datasets/dji003_priority_drowning_v2/previews/val/drowning__DJI_20260410102649_0017_D__frame_005405.jpg,2,"tread water,drowning",tread water,0.3260
DJI_20260410102649_0017_D.MP4,drowning,False,5504,train,/Users/neerad/drowning-detection/datasets/dji003_priority_drowning_v2/images/train/drowning__DJI_20260410102649_0017_D__frame_005504.jpg,/Users/neerad/drowning-detection/datasets/dji003_priority_drowning_v2/labels/train/drowning__DJI_20260410102649_0017_D__frame_005504.txt,/Users/neerad/drowning-detection/datasets/dji003_priority_drowning_v2/previews/train/drowning__DJI_20260410102649_0017_D__frame_005504.jpg,2,"tread water,drowning",tread water,0.7441
DJI_20260410102649_0017_D.MP4,drowning,False,5564,train,/Users/neerad/drowning-detection/datasets/dji003_priority_drowning_v2/images/train/drowning__DJI_20260410102649_0017_D__frame_005564.jpg,/Users/neerad/drowning-detection/datasets/dji003_priority_drowning_v2/labels/train/drowning__DJI_20260410102649_0017_D__frame_005564.txt,/Users/neerad/drowning-detection/datasets/dji003_priority_drowning_v2/previews/train/drowning__DJI_20260410102649_0017_D__frame_005564.jpg,2,"tread water,drowning",tread water,0.5942
DJI_20260410102649_0017_D.MP4,drowning,False,5624,train,/Users/neerad/drowning-detection/datasets/dji003_priority_drowning_v2/images/train/drowning__DJI_20260410102649_0017_D__frame_005624.jpg,/Users/neerad/drowning-detection/datasets/dji003_priority_drowning_v2/labels/train/drowning__DJI_20260410102649_0017_D__frame_005624.txt,/Users/neerad/drowning-detection/datasets/dji003_priority_drowning_v2/previews/train/drowning__DJI_20260410102649_0017_D__frame_005624.jpg,2,"drowning,tread water",drowning,0.6884
DJI_20260410102649_0017_D.MP4,drowning,False,5759,val,/Users/neerad/drowning-detection/datasets/dji003_priority_drowning_v2/images/val/drowning__DJI_20260410102649_0017_D__frame_005759.jpg,/Users/neerad/drowning-detection/datasets/dji003_priority_drowning_v2/labels/val/drowning__DJI_20260410102649_0017_D__frame_005759.txt,/Users/neerad/drowning-detection/datasets/dji003_priority_drowning_v2/previews/val/drowning__DJI_20260410102649_0017_D__frame_005759.jpg,2,"tread water,drowning",tread water,0.4529
DJI_20260410102649_0017_D.MP4,drowning,False,5821,train,/Users/neerad/drowning-detection/datasets/dji003_priority_drowning_v2/images/train/drowning__DJI_20260410102649_0017_D__frame_005821.jpg,/Users/neerad/drowning-detection/datasets/dji003_priority_drowning_v2/labels/train/drowning__DJI_20260410102649_0017_D__frame_005821.txt,/Users/neerad/drowning-detection/datasets/dji003_priority_drowning_v2/previews/train/drowning__DJI_20260410102649_0017_D__frame_005821.jpg,2,"tread water,drowning",tread water,0.6259
DJI_20260410102649_0017_D.MP4,drowning,False,5912,train,/Users/neerad/drowning-detection/datasets/dji003_priority_drowning_v2/images/train/drowning__DJI_20260410102649_0017_D__frame_005912.jpg,/Users/neerad/drowning-detection/datasets/dji003_priority_drowning_v2/labels/train/drowning__DJI_20260410102649_0017_D__frame_005912.txt,/Users/neerad/drowning-detection/datasets/dji003_priority_drowning_v2/previews/train/drowning__DJI_20260410102649_0017_D__frame_005912.jpg,2,"tread water,drowning",tread water,0.3431
DJI_20260410102649_0017_D.MP4,drowning,False,6002,train,/Users/neerad/drowning-detection/datasets/dji003_priority_drowning_v2/images/train/drowning__DJI_20260410102649_0017_D__frame_006002.jpg,/Users/neerad/drowning-detection/datasets/dji003_priority_drowning_v2/labels/train/drowning__DJI_20260410102649_0017_D__frame_006002.txt,/Users/neerad/drowning-detection/datasets/dji003_priority_drowning_v2/previews/train/drowning__DJI_20260410102649_0017_D__frame_006002.jpg,2,"tread water,drowning",tread water,0.2722
DJI_20260410102649_0017_D.MP4,drowning,False,6077,train,/Users/neerad/drowning-detection/datasets/dji003_priority_drowning_v2/images/train/drowning__DJI_20260410102649_0017_D__frame_006077.jpg,/Users/neerad/drowning-detection/datasets/dji003_priority_drowning_v2/labels/train/drowning__DJI_20260410102649_0017_D__frame_006077.txt,/Users/neerad/drowning-detection/datasets/dji003_priority_drowning_v2/previews/train/drowning__DJI_20260410102649_0017_D__frame_006077.jpg,4,"tread water,tread water,swimming,drowning",tread water,0.6971
DJI_20260410102649_0017_D.MP4,drowning,False,6170,train,/Users/neerad/drowning-detection/datasets/dji003_priority_drowning_v2/images/train/drowning__DJI_20260410102649_0017_D__frame_006170.jpg,/Users/neerad/drowning-detection/datasets/dji003_priority_drowning_v2/labels/train/drowning__DJI_20260410102649_0017_D__frame_006170.txt,/Users/neerad/drowning-detection/datasets/dji003_priority_drowning_v2/previews/train/drowning__DJI_20260410102649_0017_D__frame_006170.jpg,3,"swimming,tread water,drowning",swimming,0.6196
DJI_20260410102649_0017_D.MP4,drowning,False,6230,val,/Users/neerad/drowning-detection/datasets/dji003_priority_drowning_v2/images/val/drowning__DJI_20260410102649_0017_D__frame_006230.jpg,/Users/neerad/drowning-detection/datasets/dji003_priority_drowning_v2/labels/val/drowning__DJI_20260410102649_0017_D__frame_006230.txt,/Users/neerad/drowning-detection/datasets/dji003_priority_drowning_v2/previews/val/drowning__DJI_20260410102649_0017_D__frame_006230.jpg,4,"drowning,tread water,tread water,drowning",drowning,0.4551
DJI_20260410102649_0017_D.MP4,drowning,False,6290,train,/Users/neerad/drowning-detection/datasets/dji003_priority_drowning_v2/images/train/drowning__DJI_20260410102649_0017_D__frame_006290.jpg,/Users/neerad/drowning-detection/datasets/dji003_priority_drowning_v2/labels/train/drowning__DJI_20260410102649_0017_D__frame_006290.txt,/Users/neerad/drowning-detection/datasets/dji003_priority_drowning_v2/previews/train/drowning__DJI_20260410102649_0017_D__frame_006290.jpg,4,"drowning,tread water,swimming,tread water",drowning,0.5135
DJI_20260410102649_0017_D.MP4,drowning,False,6363,train,/Users/neerad/drowning-detection/datasets/dji003_priority_drowning_v2/images/train/drowning__DJI_20260410102649_0017_D__frame_006363.jpg,/Users/neerad/drowning-detection/datasets/dji003_priority_drowning_v2/labels/train/drowning__DJI_20260410102649_0017_D__frame_006363.txt,/Users/neerad/drowning-detection/datasets/dji003_priority_drowning_v2/previews/train/drowning__DJI_20260410102649_0017_D__frame_006363.jpg,4,"tread water,tread water,tread water,drowning",tread water,0.5533
DJI_20260410102649_0017_D.MP4,drowning,False,6423,train,/Users/neerad/drowning-detection/datasets/dji003_priority_drowning_v2/images/train/drowning__DJI_20260410102649_0017_D__frame_006423.jpg,/Users/neerad/drowning-detection/datasets/dji003_priority_drowning_v2/labels/train/drowning__DJI_20260410102649_0017_D__frame_006423.txt,/Users/neerad/drowning-detection/datasets/dji003_priority_drowning_v2/previews/train/drowning__DJI_20260410102649_0017_D__frame_006423.jpg,3,"drowning,tread water,tread water",drowning,0.7033
DJI_20260410102649_0017_D.MP4,drowning,False,6483,train,/Users/neerad/drowning-detection/datasets/dji003_priority_drowning_v2/images/train/drowning__DJI_20260410102649_0017_D__frame_006483.jpg,/Users/neerad/drowning-detection/datasets/dji003_priority_drowning_v2/labels/train/drowning__DJI_20260410102649_0017_D__frame_006483.txt,/Users/neerad/drowning-detection/datasets/dji003_priority_drowning_v2/previews/train/drowning__DJI_20260410102649_0017_D__frame_006483.jpg,3,"drowning,tread water,tread water",drowning,0.6016
DJI_20260410102649_0017_D.MP4,drowning,False,6543,train,/Users/neerad/drowning-detection/datasets/dji003_priority_drowning_v2/images/train/drowning__DJI_20260410102649_0017_D__frame_006543.jpg,/Users/neerad/drowning-detection/datasets/dji003_priority_drowning_v2/labels/train/drowning__DJI_20260410102649_0017_D__frame_006543.txt,/Users/neerad/drowning-detection/datasets/dji003_priority_drowning_v2/previews/train/drowning__DJI_20260410102649_0017_D__frame_006543.jpg,2,"tread water,drowning",tread water,0.6057
DJI_20260410102649_0017_D.MP4,drowning,False,6632,val,/Users/neerad/drowning-detection/datasets/dji003_priority_drowning_v2/images/val/drowning__DJI_20260410102649_0017_D__frame_006632.jpg,/Users/neerad/drowning-detection/datasets/dji003_priority_drowning_v2/labels/val/drowning__DJI_20260410102649_0017_D__frame_006632.txt,/Users/neerad/drowning-detection/datasets/dji003_priority_drowning_v2/previews/val/drowning__DJI_20260410102649_0017_D__frame_006632.jpg,3,"tread water,tread water,drowning",tread water,0.4596
DJI_20260410102649_0017_D.MP4,drowning,False,6695,train,/Users/neerad/drowning-detection/datasets/dji003_priority_drowning_v2/images/train/drowning__DJI_20260410102649_0017_D__frame_006695.jpg,/Users/neerad/drowning-detection/datasets/dji003_priority_drowning_v2/labels/train/drowning__DJI_20260410102649_0017_D__frame_006695.txt,/Users/neerad/drowning-detection/datasets/dji003_priority_drowning_v2/previews/train/drowning__DJI_20260410102649_0017_D__frame_006695.jpg,3,"tread water,tread water,drowning",tread water,0.5072
DJI_20260410102649_0017_D.MP4,drowning,False,6868,train,/Users/neerad/drowning-detection/datasets/dji003_priority_drowning_v2/images/train/drowning__DJI_20260410102649_0017_D__frame_006868.jpg,/Users/neerad/drowning-detection/datasets/dji003_priority_drowning_v2/labels/train/drowning__DJI_20260410102649_0017_D__frame_006868.txt,/Users/neerad/drowning-detection/datasets/dji003_priority_drowning_v2/previews/train/drowning__DJI_20260410102649_0017_D__frame_006868.jpg,2,"tread water,drowning",tread water,0.5996
DJI_20260410102649_0017_D.MP4,drowning,False,6929,train,/Users/neerad/drowning-detection/datasets/dji003_priority_drowning_v2/images/train/drowning__DJI_20260410102649_0017_D__frame_006929.jpg,/Users/neerad/drowning-detection/datasets/dji003_priority_drowning_v2/labels/train/drowning__DJI_20260410102649_0017_D__frame_006929.txt,/Users/neerad/drowning-detection/datasets/dji003_priority_drowning_v2/previews/train/drowning__DJI_20260410102649_0017_D__frame_006929.jpg,2,"tread water,drowning",tread water,0.5656
DJI_20260410102649_0017_D.MP4,drowning,False,6989,train,/Users/neerad/drowning-detection/datasets/dji003_priority_drowning_v2/images/train/drowning__DJI_20260410102649_0017_D__frame_006989.jpg,/Users/neerad/drowning-detection/datasets/dji003_priority_drowning_v2/labels/train/drowning__DJI_20260410102649_0017_D__frame_006989.txt,/Users/neerad/drowning-detection/datasets/dji003_priority_drowning_v2/previews/train/drowning__DJI_20260410102649_0017_D__frame_006989.jpg,3,"tread water,drowning,tread water",tread water,0.6170
DJI_20260410102649_0017_D.MP4,drowning,False,7049,train,/Users/neerad/drowning-detection/datasets/dji003_priority_drowning_v2/images/train/drowning__DJI_20260410102649_0017_D__frame_007049.jpg,/Users/neerad/drowning-detection/datasets/dji003_priority_drowning_v2/labels/train/drowning__DJI_20260410102649_0017_D__frame_007049.txt,/Users/neerad/drowning-detection/datasets/dji003_priority_drowning_v2/previews/train/drowning__DJI_20260410102649_0017_D__frame_007049.jpg,4,"tread water,tread water,drowning,tread water",tread water,0.3847
DJI_20260410102649_0017_D.MP4,drowning,False,7109,train,/Users/neerad/drowning-detection/datasets/dji003_priority_drowning_v2/images/train/drowning__DJI_20260410102649_0017_D__frame_007109.jpg,/Users/neerad/drowning-detection/datasets/dji003_priority_drowning_v2/labels/train/drowning__DJI_20260410102649_0017_D__frame_007109.txt,/Users/neerad/drowning-detection/datasets/dji003_priority_drowning_v2/previews/train/drowning__DJI_20260410102649_0017_D__frame_007109.jpg,3,"tread water,tread water,drowning",tread water,0.6072
DJI_20260410102649_0017_D.MP4,drowning,False,7333,val,/Users/neerad/drowning-detection/datasets/dji003_priority_drowning_v2/images/val/drowning__DJI_20260410102649_0017_D__frame_007333.jpg,/Users/neerad/drowning-detection/datasets/dji003_priority_drowning_v2/labels/val/drowning__DJI_20260410102649_0017_D__frame_007333.txt,/Users/neerad/drowning-detection/datasets/dji003_priority_drowning_v2/previews/val/drowning__DJI_20260410102649_0017_D__frame_007333.jpg,3,"tread water,tread water,drowning",tread water,0.7660
DJI_20260410102649_0017_D.MP4,drowning,False,7393,train,/Users/neerad/drowning-detection/datasets/dji003_priority_drowning_v2/images/train/drowning__DJI_20260410102649_0017_D__frame_007393.jpg,/Users/neerad/drowning-detection/datasets/dji003_priority_drowning_v2/labels/train/drowning__DJI_20260410102649_0017_D__frame_007393.txt,/Users/neerad/drowning-detection/datasets/dji003_priority_drowning_v2/previews/train/drowning__DJI_20260410102649_0017_D__frame_007393.jpg,4,"tread water,tread water,drowning,tread water",tread water,0.4904
DJI_20260410102649_0017_D.MP4,drowning,False,7453,train,/Users/neerad/drowning-detection/datasets/dji003_priority_drowning_v2/images/train/drowning__DJI_20260410102649_0017_D__frame_007453.jpg,/Users/neerad/drowning-detection/datasets/dji003_priority_drowning_v2/labels/train/drowning__DJI_20260410102649_0017_D__frame_007453.txt,/Users/neerad/drowning-detection/datasets/dji003_priority_drowning_v2/previews/train/drowning__DJI_20260410102649_0017_D__frame_007453.jpg,4,"tread water,tread water,tread water,drowning",tread water,0.5615
DJI_20260410102649_0017_D.MP4,drowning,False,7513,train,/Users/neerad/drowning-detection/datasets/dji003_priority_drowning_v2/images/train/drowning__DJI_20260410102649_0017_D__frame_007513.jpg,/Users/neerad/drowning-detection/datasets/dji003_priority_drowning_v2/labels/train/drowning__DJI_20260410102649_0017_D__frame_007513.txt,/Users/neerad/drowning-detection/datasets/dji003_priority_drowning_v2/previews/train/drowning__DJI_20260410102649_0017_D__frame_007513.jpg,2,"drowning,tread water",drowning,0.5975
DJI_20260410102649_0017_D.MP4,drowning,False,7573,train,/Users/neerad/drowning-detection/datasets/dji003_priority_drowning_v2/images/train/drowning__DJI_20260410102649_0017_D__frame_007573.jpg,/Users/neerad/drowning-detection/datasets/dji003_priority_drowning_v2/labels/train/drowning__DJI_20260410102649_0017_D__frame_007573.txt,/Users/neerad/drowning-detection/datasets/dji003_priority_drowning_v2/previews/train/drowning__DJI_20260410102649_0017_D__frame_007573.jpg,1,drowning,drowning,0.5553
DJI_20260410102649_0017_D.MP4,drowning,False,7633,train,/Users/neerad/drowning-detection/datasets/dji003_priority_drowning_v2/images/train/drowning__DJI_20260410102649_0017_D__frame_007633.jpg,/Users/neerad/drowning-detection/datasets/dji003_priority_drowning_v2/labels/train/drowning__DJI_20260410102649_0017_D__frame_007633.txt,/Users/neerad/drowning-detection/datasets/dji003_priority_drowning_v2/previews/train/drowning__DJI_20260410102649_0017_D__frame_007633.jpg,2,"drowning,tread water",drowning,0.5900
DJI_20260410102649_0017_D.MP4,drowning,False,7693,val,/Users/neerad/drowning-detection/datasets/dji003_priority_drowning_v2/images/val/drowning__DJI_20260410102649_0017_D__frame_007693.jpg,/Users/neerad/drowning-detection/datasets/dji003_priority_drowning_v2/labels/val/drowning__DJI_20260410102649_0017_D__frame_007693.txt,/Users/neerad/drowning-detection/datasets/dji003_priority_drowning_v2/previews/val/drowning__DJI_20260410102649_0017_D__frame_007693.jpg,2,"drowning,drowning",drowning,0.5710
DJI_20260410102649_0017_D.MP4,drowning,False,7753,train,/Users/neerad/drowning-detection/datasets/dji003_priority_drowning_v2/images/train/drowning__DJI_20260410102649_0017_D__frame_007753.jpg,/Users/neerad/drowning-detection/datasets/dji003_priority_drowning_v2/labels/train/drowning__DJI_20260410102649_0017_D__frame_007753.txt,/Users/neerad/drowning-detection/datasets/dji003_priority_drowning_v2/previews/train/drowning__DJI_20260410102649_0017_D__frame_007753.jpg,1,drowning,drowning,0.5983
DJI_20260410102649_0017_D.MP4,drowning,False,7813,train,/Users/neerad/drowning-detection/datasets/dji003_priority_drowning_v2/images/train/drowning__DJI_20260410102649_0017_D__frame_007813.jpg,/Users/neerad/drowning-detection/datasets/dji003_priority_drowning_v2/labels/train/drowning__DJI_20260410102649_0017_D__frame_007813.txt,/Users/neerad/drowning-detection/datasets/dji003_priority_drowning_v2/previews/train/drowning__DJI_20260410102649_0017_D__frame_007813.jpg,2,"tread water,drowning",tread water,0.6035
DJI_20260410102649_0017_D.MP4,drowning,False,7873,train,/Users/neerad/drowning-detection/datasets/dji003_priority_drowning_v2/images/train/drowning__DJI_20260410102649_0017_D__frame_007873.jpg,/Users/neerad/drowning-detection/datasets/dji003_priority_drowning_v2/labels/train/drowning__DJI_20260410102649_0017_D__frame_007873.txt,/Users/neerad/drowning-detection/datasets/dji003_priority_drowning_v2/previews/train/drowning__DJI_20260410102649_0017_D__frame_007873.jpg,3,"drowning,tread water,tread water",drowning,0.5448
DJI_20260410102649_0017_D.MP4,drowning,False,7980,train,/Users/neerad/drowning-detection/datasets/dji003_priority_drowning_v2/images/train/drowning__DJI_20260410102649_0017_D__frame_007980.jpg,/Users/neerad/drowning-detection/datasets/dji003_priority_drowning_v2/labels/train/drowning__DJI_20260410102649_0017_D__frame_007980.txt,/Users/neerad/drowning-detection/datasets/dji003_priority_drowning_v2/previews/train/drowning__DJI_20260410102649_0017_D__frame_007980.jpg,3,"tread water,tread water,drowning",tread water,0.6065
DJI_20260410102649_0017_D.MP4,drowning,False,8040,val,/Users/neerad/drowning-detection/datasets/dji003_priority_drowning_v2/images/val/drowning__DJI_20260410102649_0017_D__frame_008040.jpg,/Users/neerad/drowning-detection/datasets/dji003_priority_drowning_v2/labels/val/drowning__DJI_20260410102649_0017_D__frame_008040.txt,/Users/neerad/drowning-detection/datasets/dji003_priority_drowning_v2/previews/val/drowning__DJI_20260410102649_0017_D__frame_008040.jpg,2,"drowning,tread water",drowning,0.5538
DJI_20260410102649_0017_D.MP4,drowning,False,8123,train,/Users/neerad/drowning-detection/datasets/dji003_priority_drowning_v2/images/train/drowning__DJI_20260410102649_0017_D__frame_008123.jpg,/Users/neerad/drowning-detection/datasets/dji003_priority_drowning_v2/labels/train/drowning__DJI_20260410102649_0017_D__frame_008123.txt,/Users/neerad/drowning-detection/datasets/dji003_priority_drowning_v2/previews/train/drowning__DJI_20260410102649_0017_D__frame_008123.jpg,3,"tread water,tread water,drowning",tread water,0.5739
DJI_20260410102649_0017_D.MP4,drowning,False,8183,val,/Users/neerad/drowning-detection/datasets/dji003_priority_drowning_v2/images/val/drowning__DJI_20260410102649_0017_D__frame_008183.jpg,/Users/neerad/drowning-detection/datasets/dji003_priority_drowning_v2/labels/val/drowning__DJI_20260410102649_0017_D__frame_008183.txt,/Users/neerad/drowning-detection/datasets/dji003_priority_drowning_v2/previews/val/drowning__DJI_20260410102649_0017_D__frame_008183.jpg,3,"tread water,tread water,drowning",tread water,0.6454
DJI_20260410102649_0017_D.MP4,drowning,False,8243,train,/Users/neerad/drowning-detection/datasets/dji003_priority_drowning_v2/images/train/drowning__DJI_20260410102649_0017_D__frame_008243.jpg,/Users/neerad/drowning-detection/datasets/dji003_priority_drowning_v2/labels/train/drowning__DJI_20260410102649_0017_D__frame_008243.txt,/Users/neerad/drowning-detection/datasets/dji003_priority_drowning_v2/previews/train/drowning__DJI_20260410102649_0017_D__frame_008243.jpg,2,"tread water,drowning",tread water,0.5304
DJI_20260410102649_0017_D.MP4,drowning,False,8303,train,/Users/neerad/drowning-detection/datasets/dji003_priority_drowning_v2/images/train/drowning__DJI_20260410102649_0017_D__frame_008303.jpg,/Users/neerad/drowning-detection/datasets/dji003_priority_drowning_v2/labels/train/drowning__DJI_20260410102649_0017_D__frame_008303.txt,/Users/neerad/drowning-detection/datasets/dji003_priority_drowning_v2/previews/train/drowning__DJI_20260410102649_0017_D__frame_008303.jpg,3,"tread water,tread water,drowning",tread water,0.6309
DJI_20260410102649_0017_D.MP4,drowning,False,8363,train,/Users/neerad/drowning-detection/datasets/dji003_priority_drowning_v2/images/train/drowning__DJI_20260410102649_0017_D__frame_008363.jpg,/Users/neerad/drowning-detection/datasets/dji003_priority_drowning_v2/labels/train/drowning__DJI_20260410102649_0017_D__frame_008363.txt,/Users/neerad/drowning-detection/datasets/dji003_priority_drowning_v2/previews/train/drowning__DJI_20260410102649_0017_D__frame_008363.jpg,4,"tread water,drowning,tread water,tread water",tread water,0.5493
DJI_20260410102649_0017_D.MP4,drowning,False,8425,train,/Users/neerad/drowning-detection/datasets/dji003_priority_drowning_v2/images/train/drowning__DJI_20260410102649_0017_D__frame_008425.jpg,/Users/neerad/drowning-detection/datasets/dji003_priority_drowning_v2/labels/train/drowning__DJI_20260410102649_0017_D__frame_008425.txt,/Users/neerad/drowning-detection/datasets/dji003_priority_drowning_v2/previews/train/drowning__DJI_20260410102649_0017_D__frame_008425.jpg,4,"tread water,tread water,drowning,tread water",tread water,0.5304
DJI_20260410102649_0017_D.MP4,drowning,False,8485,val,/Users/neerad/drowning-detection/datasets/dji003_priority_drowning_v2/images/val/drowning__DJI_20260410102649_0017_D__frame_008485.jpg,/Users/neerad/drowning-detection/datasets/dji003_priority_drowning_v2/labels/val/drowning__DJI_20260410102649_0017_D__frame_008485.txt,/Users/neerad/drowning-detection/datasets/dji003_priority_drowning_v2/previews/val/drowning__DJI_20260410102649_0017_D__frame_008485.jpg,2,"drowning,tread water",drowning,0.5827
DJI_20260410102649_0017_D.MP4,drowning,False,8545,train,/Users/neerad/drowning-detection/datasets/dji003_priority_drowning_v2/images/train/drowning__DJI_20260410102649_0017_D__frame_008545.jpg,/Users/neerad/drowning-detection/datasets/dji003_priority_drowning_v2/labels/train/drowning__DJI_20260410102649_0017_D__frame_008545.txt,/Users/neerad/drowning-detection/datasets/dji003_priority_drowning_v2/previews/train/drowning__DJI_20260410102649_0017_D__frame_008545.jpg,4,"tread water,drowning,tread water,tread water",tread water,0.4773
DJI_20260410102649_0017_D.MP4,drowning,False,8605,train,/Users/neerad/drowning-detection/datasets/dji003_priority_drowning_v2/images/train/drowning__DJI_20260410102649_0017_D__frame_008605.jpg,/Users/neerad/drowning-detection/datasets/dji003_priority_drowning_v2/labels/train/drowning__DJI_20260410102649_0017_D__frame_008605.txt,/Users/neerad/drowning-detection/datasets/dji003_priority_drowning_v2/previews/train/drowning__DJI_20260410102649_0017_D__frame_008605.jpg,3,"tread water,drowning,tread water",tread water,0.6719
DJI_20260410102649_0017_D.MP4,drowning,False,8665,val,/Users/neerad/drowning-detection/datasets/dji003_priority_drowning_v2/images/val/drowning__DJI_20260410102649_0017_D__frame_008665.jpg,/Users/neerad/drowning-detection/datasets/dji003_priority_drowning_v2/labels/val/drowning__DJI_20260410102649_0017_D__frame_008665.txt,/Users/neerad/drowning-detection/datasets/dji003_priority_drowning_v2/previews/val/drowning__DJI_20260410102649_0017_D__frame_008665.jpg,2,"tread water,drowning",tread water,0.6580
DJI_20260410102649_0017_D.MP4,drowning,False,8725,train,/Users/neerad/drowning-detection/datasets/dji003_priority_drowning_v2/images/train/drowning__DJI_20260410102649_0017_D__frame_008725.jpg,/Users/neerad/drowning-detection/datasets/dji003_priority_drowning_v2/labels/train/drowning__DJI_20260410102649_0017_D__frame_008725.txt,/Users/neerad/drowning-detection/datasets/dji003_priority_drowning_v2/previews/train/drowning__DJI_20260410102649_0017_D__frame_008725.jpg,5,"drowning,drowning,tread water,tread water,drowning",drowning,0.5031
DJI_20260410102649_0017_D.MP4,drowning,False,8785,val,/Users/neerad/drowning-detection/datasets/dji003_priority_drowning_v2/images/val/drowning__DJI_20260410102649_0017_D__frame_008785.jpg,/Users/neerad/drowning-detection/datasets/dji003_priority_drowning_v2/labels/val/drowning__DJI_20260410102649_0017_D__frame_008785.txt,/Users/neerad/drowning-detection/datasets/dji003_priority_drowning_v2/previews/val/drowning__DJI_20260410102649_0017_D__frame_008785.jpg,2,"drowning,drowning",drowning,0.5739
DJI_20260410102649_0017_D.MP4,drowning,False,8845,train,/Users/neerad/drowning-detection/datasets/dji003_priority_drowning_v2/images/train/drowning__DJI_20260410102649_0017_D__frame_008845.jpg,/Users/neerad/drowning-detection/datasets/dji003_priority_drowning_v2/labels/train/drowning__DJI_20260410102649_0017_D__frame_008845.txt,/Users/neerad/drowning-detection/datasets/dji003_priority_drowning_v2/previews/train/drowning__DJI_20260410102649_0017_D__frame_008845.jpg,3,"drowning,swimming,drowning",drowning,0.3604
DJI_20260410102649_0017_D.MP4,drowning,False,8905,train,/Users/neerad/drowning-detection/datasets/dji003_priority_drowning_v2/images/train/drowning__DJI_20260410102649_0017_D__frame_008905.jpg,/Users/neerad/drowning-detection/datasets/dji003_priority_drowning_v2/labels/train/drowning__DJI_20260410102649_0017_D__frame_008905.txt,/Users/neerad/drowning-detection/datasets/dji003_priority_drowning_v2/previews/train/drowning__DJI_20260410102649_0017_D__frame_008905.jpg,2,"drowning,tread water",drowning,0.5663
DJI_20260410102649_0017_D.MP4,drowning,False,8968,val,/Users/neerad/drowning-detection/datasets/dji003_priority_drowning_v2/images/val/drowning__DJI_20260410102649_0017_D__frame_008968.jpg,/Users/neerad/drowning-detection/datasets/dji003_priority_drowning_v2/labels/val/drowning__DJI_20260410102649_0017_D__frame_008968.txt,/Users/neerad/drowning-detection/datasets/dji003_priority_drowning_v2/previews/val/drowning__DJI_20260410102649_0017_D__frame_008968.jpg,4,"tread water,tread water,tread water,drowning",tread water,0.6989
DJI_20260410102649_0017_D.MP4,drowning,False,9028,train,/Users/neerad/drowning-detection/datasets/dji003_priority_drowning_v2/images/train/drowning__DJI_20260410102649_0017_D__frame_009028.jpg,/Users/neerad/drowning-detection/datasets/dji003_priority_drowning_v2/labels/train/drowning__DJI_20260410102649_0017_D__frame_009028.txt,/Users/neerad/drowning-detection/datasets/dji003_priority_drowning_v2/previews/train/drowning__DJI_20260410102649_0017_D__frame_009028.jpg,4,"tread water,tread water,tread water,drowning",tread water,0.6262
DJI_20260410102649_0017_D.MP4,drowning,False,9111,train,/Users/neerad/drowning-detection/datasets/dji003_priority_drowning_v2/images/train/drowning__DJI_20260410102649_0017_D__frame_009111.jpg,/Users/neerad/drowning-detection/datasets/dji003_priority_drowning_v2/labels/train/drowning__DJI_20260410102649_0017_D__frame_009111.txt,/Users/neerad/drowning-detection/datasets/dji003_priority_drowning_v2/previews/train/drowning__DJI_20260410102649_0017_D__frame_009111.jpg,2,"tread water,drowning",tread water,0.7576
DJI_20260410102649_0017_D.MP4,drowning,False,9179,train,/Users/neerad/drowning-detection/datasets/dji003_priority_drowning_v2/images/train/drowning__DJI_20260410102649_0017_D__frame_009179.jpg,/Users/neerad/drowning-detection/datasets/dji003_priority_drowning_v2/labels/train/drowning__DJI_20260410102649_0017_D__frame_009179.txt,/Users/neerad/drowning-detection/datasets/dji003_priority_drowning_v2/previews/train/drowning__DJI_20260410102649_0017_D__frame_009179.jpg,3,"tread water,tread water,drowning",tread water,0.7118
DJI_20260410102649_0017_D.MP4,drowning,False,9617,train,/Users/neerad/drowning-detection/datasets/dji003_priority_drowning_v2/images/train/drowning__DJI_20260410102649_0017_D__frame_009617.jpg,/Users/neerad/drowning-detection/datasets/dji003_priority_drowning_v2/labels/train/drowning__DJI_20260410102649_0017_D__frame_009617.txt,/Users/neerad/drowning-detection/datasets/dji003_priority_drowning_v2/previews/train/drowning__DJI_20260410102649_0017_D__frame_009617.jpg,4,"tread water,tread water,tread water,drowning",tread water,0.7252
DJI_20260410102649_0017_D.MP4,drowning,False,9744,train,/Users/neerad/drowning-detection/datasets/dji003_priority_drowning_v2/images/train/drowning__DJI_20260410102649_0017_D__frame_009744.jpg,/Users/neerad/drowning-detection/datasets/dji003_priority_drowning_v2/labels/train/drowning__DJI_20260410102649_0017_D__frame_009744.txt,/Users/neerad/drowning-detection/datasets/dji003_priority_drowning_v2/previews/train/drowning__DJI_20260410102649_0017_D__frame_009744.jpg,3,"tread water,tread water,drowning",tread water,0.6125
DJI_20260410102649_0017_D.MP4,drowning,False,9861,train,/Users/neerad/drowning-detection/datasets/dji003_priority_drowning_v2/images/train/drowning__DJI_20260410102649_0017_D__frame_009861.jpg,/Users/neerad/drowning-detection/datasets/dji003_priority_drowning_v2/labels/train/drowning__DJI_20260410102649_0017_D__frame_009861.txt,/Users/neerad/drowning-detection/datasets/dji003_priority_drowning_v2/previews/train/drowning__DJI_20260410102649_0017_D__frame_009861.jpg,3,"tread water,tread water,drowning",tread water,0.6621
DJI_20260410102649_0017_D.MP4,drowning,False,9921,train,/Users/neerad/drowning-detection/datasets/dji003_priority_drowning_v2/images/train/drowning__DJI_20260410102649_0017_D__frame_009921.jpg,/Users/neerad/drowning-detection/datasets/dji003_priority_drowning_v2/labels/train/drowning__DJI_20260410102649_0017_D__frame_009921.txt,/Users/neerad/drowning-detection/datasets/dji003_priority_drowning_v2/previews/train/drowning__DJI_20260410102649_0017_D__frame_009921.jpg,3,"tread water,drowning,tread water",tread water,0.4774
DJI_20260410102649_0017_D.MP4,drowning,False,9981,train,/Users/neerad/drowning-detection/datasets/dji003_priority_drowning_v2/images/train/drowning__DJI_20260410102649_0017_D__frame_009981.jpg,/Users/neerad/drowning-detection/datasets/dji003_priority_drowning_v2/labels/train/drowning__DJI_20260410102649_0017_D__frame_009981.txt,/Users/neerad/drowning-detection/datasets/dji003_priority_drowning_v2/previews/train/drowning__DJI_20260410102649_0017_D__frame_009981.jpg,2,"drowning,tread water",drowning,0.6616
DJI_20260410102649_0017_D.MP4,drowning,False,10190,train,/Users/neerad/drowning-detection/datasets/dji003_priority_drowning_v2/images/train/drowning__DJI_20260410102649_0017_D__frame_010190.jpg,/Users/neerad/drowning-detection/datasets/dji003_priority_drowning_v2/labels/train/drowning__DJI_20260410102649_0017_D__frame_010190.txt,/Users/neerad/drowning-detection/datasets/dji003_priority_drowning_v2/previews/train/drowning__DJI_20260410102649_0017_D__frame_010190.jpg,3,"tread water,tread water,drowning",tread water,0.6641
DJI_20260410102649_0017_D.MP4,drowning,False,10290,train,/Users/neerad/drowning-detection/datasets/dji003_priority_drowning_v2/images/train/drowning__DJI_20260410102649_0017_D__frame_010290.jpg,/Users/neerad/drowning-detection/datasets/dji003_priority_drowning_v2/labels/train/drowning__DJI_20260410102649_0017_D__frame_010290.txt,/Users/neerad/drowning-detection/datasets/dji003_priority_drowning_v2/previews/train/drowning__DJI_20260410102649_0017_D__frame_010290.jpg,3,"tread water,tread water,drowning",tread water,0.6497
DJI_20260410102649_0017_D.MP4,drowning,False,10378,train,/Users/neerad/drowning-detection/datasets/dji003_priority_drowning_v2/images/train/drowning__DJI_20260410102649_0017_D__frame_010378.jpg,/Users/neerad/drowning-detection/datasets/dji003_priority_drowning_v2/labels/train/drowning__DJI_20260410102649_0017_D__frame_010378.txt,/Users/neerad/drowning-detection/datasets/dji003_priority_drowning_v2/previews/train/drowning__DJI_20260410102649_0017_D__frame_010378.jpg,4,"tread water,tread water,drowning,tread water",tread water,0.4407
DJI_20260410102649_0017_D.MP4,drowning,False,10438,train,/Users/neerad/drowning-detection/datasets/dji003_priority_drowning_v2/images/train/drowning__DJI_20260410102649_0017_D__frame_010438.jpg,/Users/neerad/drowning-detection/datasets/dji003_priority_drowning_v2/labels/train/drowning__DJI_20260410102649_0017_D__frame_010438.txt,/Users/neerad/drowning-detection/datasets/dji003_priority_drowning_v2/previews/train/drowning__DJI_20260410102649_0017_D__frame_010438.jpg,3,"tread water,tread water,drowning",tread water,0.5386
DJI_20260410102649_0017_D.MP4,drowning,False,10643,train,/Users/neerad/drowning-detection/datasets/dji003_priority_drowning_v2/images/train/drowning__DJI_20260410102649_0017_D__frame_010643.jpg,/Users/neerad/drowning-detection/datasets/dji003_priority_drowning_v2/labels/train/drowning__DJI_20260410102649_0017_D__frame_010643.txt,/Users/neerad/drowning-detection/datasets/dji003_priority_drowning_v2/previews/train/drowning__DJI_20260410102649_0017_D__frame_010643.jpg,4,"tread water,tread water,drowning,tread water",tread water,0.7753
DJI_20260410102649_0017_D.MP4,drowning,False,10869,train,/Users/neerad/drowning-detection/datasets/dji003_priority_drowning_v2/images/train/drowning__DJI_20260410102649_0017_D__frame_010869.jpg,/Users/neerad/drowning-detection/datasets/dji003_priority_drowning_v2/labels/train/drowning__DJI_20260410102649_0017_D__frame_010869.txt,/Users/neerad/drowning-detection/datasets/dji003_priority_drowning_v2/previews/train/drowning__DJI_20260410102649_0017_D__frame_010869.jpg,2,"tread water,drowning",tread water,0.6586
DJI_20260410102649_0017_D.MP4,drowning,False,10929,val,/Users/neerad/drowning-detection/datasets/dji003_priority_drowning_v2/images/val/drowning__DJI_20260410102649_0017_D__frame_010929.jpg,/Users/neerad/drowning-detection/datasets/dji003_priority_drowning_v2/labels/val/drowning__DJI_20260410102649_0017_D__frame_010929.txt,/Users/neerad/drowning-detection/datasets/dji003_priority_drowning_v2/previews/val/drowning__DJI_20260410102649_0017_D__frame_010929.jpg,1,drowning,drowning,0.5955
DJI_20260410102649_0017_D.MP4,drowning,False,10990,train,/Users/neerad/drowning-detection/datasets/dji003_priority_drowning_v2/images/train/drowning__DJI_20260410102649_0017_D__frame_010990.jpg,/Users/neerad/drowning-detection/datasets/dji003_priority_drowning_v2/labels/train/drowning__DJI_20260410102649_0017_D__frame_010990.txt,/Users/neerad/drowning-detection/datasets/dji003_priority_drowning_v2/previews/train/drowning__DJI_20260410102649_0017_D__frame_010990.jpg,2,"tread water,drowning",tread water,0.4457
DJI_20260410102649_0017_D.MP4,drowning,False,11050,train,/Users/neerad/drowning-detection/datasets/dji003_priority_drowning_v2/images/train/drowning__DJI_20260410102649_0017_D__frame_011050.jpg,/Users/neerad/drowning-detection/datasets/dji003_priority_drowning_v2/labels/train/drowning__DJI_20260410102649_0017_D__frame_011050.txt,/Users/neerad/drowning-detection/datasets/dji003_priority_drowning_v2/previews/train/drowning__DJI_20260410102649_0017_D__frame_011050.jpg,2,"tread water,drowning",tread water,0.5344
DJI_20260410102649_0017_D.MP4,drowning,False,11110,train,/Users/neerad/drowning-detection/datasets/dji003_priority_drowning_v2/images/train/drowning__DJI_20260410102649_0017_D__frame_011110.jpg,/Users/neerad/drowning-detection/datasets/dji003_priority_drowning_v2/labels/train/drowning__DJI_20260410102649_0017_D__frame_011110.txt,/Users/neerad/drowning-detection/datasets/dji003_priority_drowning_v2/previews/train/drowning__DJI_20260410102649_0017_D__frame_011110.jpg,1,drowning,drowning,0.6011
DJI_20260410102649_0017_D.MP4,drowning,False,11170,train,/Users/neerad/drowning-detection/datasets/dji003_priority_drowning_v2/images/train/drowning__DJI_20260410102649_0017_D__frame_011170.jpg,/Users/neerad/drowning-detection/datasets/dji003_priority_drowning_v2/labels/train/drowning__DJI_20260410102649_0017_D__frame_011170.txt,/Users/neerad/drowning-detection/datasets/dji003_priority_drowning_v2/previews/train/drowning__DJI_20260410102649_0017_D__frame_011170.jpg,2,"drowning,tread water",drowning,0.5925
DJI_20260410102649_0017_D.MP4,drowning,False,11230,train,/Users/neerad/drowning-detection/datasets/dji003_priority_drowning_v2/images/train/drowning__DJI_20260410102649_0017_D__frame_011230.jpg,/Users/neerad/drowning-detection/datasets/dji003_priority_drowning_v2/labels/train/drowning__DJI_20260410102649_0017_D__frame_011230.txt,/Users/neerad/drowning-detection/datasets/dji003_priority_drowning_v2/previews/train/drowning__DJI_20260410102649_0017_D__frame_011230.jpg,4,"tread water,tread water,drowning,tread water",tread water,0.6456
DJI_20260410102649_0017_D.MP4,drowning,False,11290,val,/Users/neerad/drowning-detection/datasets/dji003_priority_drowning_v2/images/val/drowning__DJI_20260410102649_0017_D__frame_011290.jpg,/Users/neerad/drowning-detection/datasets/dji003_priority_drowning_v2/labels/val/drowning__DJI_20260410102649_0017_D__frame_011290.txt,/Users/neerad/drowning-detection/datasets/dji003_priority_drowning_v2/previews/val/drowning__DJI_20260410102649_0017_D__frame_011290.jpg,2,"tread water,drowning",tread water,0.5274
DJI_20260410102649_0017_D.MP4,drowning,False,11350,train,/Users/neerad/drowning-detection/datasets/dji003_priority_drowning_v2/images/train/drowning__DJI_20260410102649_0017_D__frame_011350.jpg,/Users/neerad/drowning-detection/datasets/dji003_priority_drowning_v2/labels/train/drowning__DJI_20260410102649_0017_D__frame_011350.txt,/Users/neerad/drowning-detection/datasets/dji003_priority_drowning_v2/previews/train/drowning__DJI_20260410102649_0017_D__frame_011350.jpg,2,"drowning,tread water",drowning,0.5954
DJI_20260410102649_0017_D.MP4,drowning,False,11414,train,/Users/neerad/drowning-detection/datasets/dji003_priority_drowning_v2/images/train/drowning__DJI_20260410102649_0017_D__frame_011414.jpg,/Users/neerad/drowning-detection/datasets/dji003_priority_drowning_v2/labels/train/drowning__DJI_20260410102649_0017_D__frame_011414.txt,/Users/neerad/drowning-detection/datasets/dji003_priority_drowning_v2/previews/train/drowning__DJI_20260410102649_0017_D__frame_011414.jpg,2,"tread water,drowning",tread water,0.5793
DJI_20260410102649_0017_D.MP4,drowning,False,11482,train,/Users/neerad/drowning-detection/datasets/dji003_priority_drowning_v2/images/train/drowning__DJI_20260410102649_0017_D__frame_011482.jpg,/Users/neerad/drowning-detection/datasets/dji003_priority_drowning_v2/labels/train/drowning__DJI_20260410102649_0017_D__frame_011482.txt,/Users/neerad/drowning-detection/datasets/dji003_priority_drowning_v2/previews/train/drowning__DJI_20260410102649_0017_D__frame_011482.jpg,4,"tread water,tread water,tread water,drowning",tread water,0.5865
DJI_20260410102649_0017_D.MP4,drowning,False,11616,train,/Users/neerad/drowning-detection/datasets/dji003_priority_drowning_v2/images/train/drowning__DJI_20260410102649_0017_D__frame_011616.jpg,/Users/neerad/drowning-detection/datasets/dji003_priority_drowning_v2/labels/train/drowning__DJI_20260410102649_0017_D__frame_011616.txt,/Users/neerad/drowning-detection/datasets/dji003_priority_drowning_v2/previews/train/drowning__DJI_20260410102649_0017_D__frame_011616.jpg,4,"tread water,tread water,drowning,tread water",tread water,0.7837
DJI_20260410102649_0017_D.MP4,drowning,False,11714,val,/Users/neerad/drowning-detection/datasets/dji003_priority_drowning_v2/images/val/drowning__DJI_20260410102649_0017_D__frame_011714.jpg,/Users/neerad/drowning-detection/datasets/dji003_priority_drowning_v2/labels/val/drowning__DJI_20260410102649_0017_D__frame_011714.txt,/Users/neerad/drowning-detection/datasets/dji003_priority_drowning_v2/previews/val/drowning__DJI_20260410102649_0017_D__frame_011714.jpg,3,"tread water,tread water,drowning",tread water,0.7225
DJI_20260410102649_0017_D.MP4,drowning,False,11774,train,/Users/neerad/drowning-detection/datasets/dji003_priority_drowning_v2/images/train/drowning__DJI_20260410102649_0017_D__frame_011774.jpg,/Users/neerad/drowning-detection/datasets/dji003_priority_drowning_v2/labels/train/drowning__DJI_20260410102649_0017_D__frame_011774.txt,/Users/neerad/drowning-detection/datasets/dji003_priority_drowning_v2/previews/train/drowning__DJI_20260410102649_0017_D__frame_011774.jpg,3,"tread water,tread water,drowning",tread water,0.6874
DJI_20260410102649_0017_D.MP4,drowning,False,11834,train,/Users/neerad/drowning-detection/datasets/dji003_priority_drowning_v2/images/train/drowning__DJI_20260410102649_0017_D__frame_011834.jpg,/Users/neerad/drowning-detection/datasets/dji003_priority_drowning_v2/labels/train/drowning__DJI_20260410102649_0017_D__frame_011834.txt,/Users/neerad/drowning-detection/datasets/dji003_priority_drowning_v2/previews/train/drowning__DJI_20260410102649_0017_D__frame_011834.jpg,2,"drowning,tread water",drowning,0.5407
DJI_20260410102649_0017_D.MP4,drowning,False,11895,train,/Users/neerad/drowning-detection/datasets/dji003_priority_drowning_v2/images/train/drowning__DJI_20260410102649_0017_D__frame_011895.jpg,/Users/neerad/drowning-detection/datasets/dji003_priority_drowning_v2/labels/train/drowning__DJI_20260410102649_0017_D__frame_011895.txt,/Users/neerad/drowning-detection/datasets/dji003_priority_drowning_v2/previews/train/drowning__DJI_20260410102649_0017_D__frame_011895.jpg,4,"tread water,tread water,tread water,drowning",tread water,0.6319
DJI_20260410102649_0017_D.MP4,drowning,False,11955,val,/Users/neerad/drowning-detection/datasets/dji003_priority_drowning_v2/images/val/drowning__DJI_20260410102649_0017_D__frame_011955.jpg,/Users/neerad/drowning-detection/datasets/dji003_priority_drowning_v2/labels/val/drowning__DJI_20260410102649_0017_D__frame_011955.txt,/Users/neerad/drowning-detection/datasets/dji003_priority_drowning_v2/previews/val/drowning__DJI_20260410102649_0017_D__frame_011955.jpg,4,"tread water,drowning,drowning,tread water",tread water,0.6026
DJI_20260410102649_0017_D.MP4,drowning,False,12015,train,/Users/neerad/drowning-detection/datasets/dji003_priority_drowning_v2/images/train/drowning__DJI_20260410102649_0017_D__frame_012015.jpg,/Users/neerad/drowning-detection/datasets/dji003_priority_drowning_v2/labels/train/drowning__DJI_20260410102649_0017_D__frame_012015.txt,/Users/neerad/drowning-detection/datasets/dji003_priority_drowning_v2/previews/train/drowning__DJI_20260410102649_0017_D__frame_012015.jpg,3,"drowning,tread water,tread water",drowning,0.5435
DJI_20260410102649_0017_D.MP4,drowning,False,12075,train,/Users/neerad/drowning-detection/datasets/dji003_priority_drowning_v2/images/train/drowning__DJI_20260410102649_0017_D__frame_012075.jpg,/Users/neerad/drowning-detection/datasets/dji003_priority_drowning_v2/labels/train/drowning__DJI_20260410102649_0017_D__frame_012075.txt,/Users/neerad/drowning-detection/datasets/dji003_priority_drowning_v2/previews/train/drowning__DJI_20260410102649_0017_D__frame_012075.jpg,3,"tread water,drowning,swimming",tread water,0.6047
DJI_20260410102649_0017_D.MP4,drowning,False,12135,train,/Users/neerad/drowning-detection/datasets/dji003_priority_drowning_v2/images/train/drowning__DJI_20260410102649_0017_D__frame_012135.jpg,/Users/neerad/drowning-detection/datasets/dji003_priority_drowning_v2/labels/train/drowning__DJI_20260410102649_0017_D__frame_012135.txt,/Users/neerad/drowning-detection/datasets/dji003_priority_drowning_v2/previews/train/drowning__DJI_20260410102649_0017_D__frame_012135.jpg,3,"tread water,drowning,tread water",tread water,0.6604
DJI_20260410102649_0017_D.MP4,drowning,False,12195,train,/Users/neerad/drowning-detection/datasets/dji003_priority_drowning_v2/images/train/drowning__DJI_20260410102649_0017_D__frame_012195.jpg,/Users/neerad/drowning-detection/datasets/dji003_priority_drowning_v2/labels/train/drowning__DJI_20260410102649_0017_D__frame_012195.txt,/Users/neerad/drowning-detection/datasets/dji003_priority_drowning_v2/previews/train/drowning__DJI_20260410102649_0017_D__frame_012195.jpg,2,"drowning,tread water",drowning,0.5302
DJI_20260410102649_0017_D.MP4,drowning,False,12257,train,/Users/neerad/drowning-detection/datasets/dji003_priority_drowning_v2/images/train/drowning__DJI_20260410102649_0017_D__frame_012257.jpg,/Users/neerad/drowning-detection/datasets/dji003_priority_drowning_v2/labels/train/drowning__DJI_20260410102649_0017_D__frame_012257.txt,/Users/neerad/drowning-detection/datasets/dji003_priority_drowning_v2/previews/train/drowning__DJI_20260410102649_0017_D__frame_012257.jpg,5,"tread water,tread water,tread water,swimming,drowning",tread water,0.6766
DJI_20260410102649_0017_D.MP4,drowning,False,12317,val,/Users/neerad/drowning-detection/datasets/dji003_priority_drowning_v2/images/val/drowning__DJI_20260410102649_0017_D__frame_012317.jpg,/Users/neerad/drowning-detection/datasets/dji003_priority_drowning_v2/labels/val/drowning__DJI_20260410102649_0017_D__frame_012317.txt,/Users/neerad/drowning-detection/datasets/dji003_priority_drowning_v2/previews/val/drowning__DJI_20260410102649_0017_D__frame_012317.jpg,3,"drowning,tread water,tread water",drowning,0.6579
DJI_20260410102649_0017_D.MP4,drowning,False,12377,val,/Users/neerad/drowning-detection/datasets/dji003_priority_drowning_v2/images/val/drowning__DJI_20260410102649_0017_D__frame_012377.jpg,/Users/neerad/drowning-detection/datasets/dji003_priority_drowning_v2/labels/val/drowning__DJI_20260410102649_0017_D__frame_012377.txt,/Users/neerad/drowning-detection/datasets/dji003_priority_drowning_v2/previews/val/drowning__DJI_20260410102649_0017_D__frame_012377.jpg,4,"tread water,tread water,tread water,drowning",tread water,0.5962
DJI_20260410102649_0017_D.MP4,drowning,False,12437,train,/Users/neerad/drowning-detection/datasets/dji003_priority_drowning_v2/images/train/drowning__DJI_20260410102649_0017_D__frame_012437.jpg,/Users/neerad/drowning-detection/datasets/dji003_priority_drowning_v2/labels/train/drowning__DJI_20260410102649_0017_D__frame_012437.txt,/Users/neerad/drowning-detection/datasets/dji003_priority_drowning_v2/previews/train/drowning__DJI_20260410102649_0017_D__frame_012437.jpg,2,"drowning,tread water",drowning,0.6235
DJI_20260410102649_0017_D.MP4,drowning,False,12497,train,/Users/neerad/drowning-detection/datasets/dji003_priority_drowning_v2/images/train/drowning__DJI_20260410102649_0017_D__frame_012497.jpg,/Users/neerad/drowning-detection/datasets/dji003_priority_drowning_v2/labels/train/drowning__DJI_20260410102649_0017_D__frame_012497.txt,/Users/neerad/drowning-detection/datasets/dji003_priority_drowning_v2/previews/train/drowning__DJI_20260410102649_0017_D__frame_012497.jpg,2,"drowning,tread water",drowning,0.5427
DJI_20260410102649_0017_D.MP4,drowning,False,12557,train,/Users/neerad/drowning-detection/datasets/dji003_priority_drowning_v2/images/train/drowning__DJI_20260410102649_0017_D__frame_012557.jpg,/Users/neerad/drowning-detection/datasets/dji003_priority_drowning_v2/labels/train/drowning__DJI_20260410102649_0017_D__frame_012557.txt,/Users/neerad/drowning-detection/datasets/dji003_priority_drowning_v2/previews/train/drowning__DJI_20260410102649_0017_D__frame_012557.jpg,2,"drowning,tread water",drowning,0.6351
DJI_20260410102649_0017_D.MP4,drowning,False,12617,train,/Users/neerad/drowning-detection/datasets/dji003_priority_drowning_v2/images/train/drowning__DJI_20260410102649_0017_D__frame_012617.jpg,/Users/neerad/drowning-detection/datasets/dji003_priority_drowning_v2/labels/train/drowning__DJI_20260410102649_0017_D__frame_012617.txt,/Users/neerad/drowning-detection/datasets/dji003_priority_drowning_v2/previews/train/drowning__DJI_20260410102649_0017_D__frame_012617.jpg,2,"drowning,tread water",drowning,0.5825
DJI_20260410102649_0017_D.MP4,drowning,False,12677,train,/Users/neerad/drowning-detection/datasets/dji003_priority_drowning_v2/images/train/drowning__DJI_20260410102649_0017_D__frame_012677.jpg,/Users/neerad/drowning-detection/datasets/dji003_priority_drowning_v2/labels/train/drowning__DJI_20260410102649_0017_D__frame_012677.txt,/Users/neerad/drowning-detection/datasets/dji003_priority_drowning_v2/previews/train/drowning__DJI_20260410102649_0017_D__frame_012677.jpg,4,"tread water,tread water,drowning,drowning",tread water,0.6273
DJI_20260410102649_0017_D.MP4,drowning,False,12737,train,/Users/neerad/drowning-detection/datasets/dji003_priority_drowning_v2/images/train/drowning__DJI_20260410102649_0017_D__frame_012737.jpg,/Users/neerad/drowning-detection/datasets/dji003_priority_drowning_v2/labels/train/drowning__DJI_20260410102649_0017_D__frame_012737.txt,/Users/neerad/drowning-detection/datasets/dji003_priority_drowning_v2/previews/train/drowning__DJI_20260410102649_0017_D__frame_012737.jpg,3,"drowning,tread water,tread water",drowning,0.4106
DJI_20260410102649_0017_D.MP4,drowning,False,12797,val,/Users/neerad/drowning-detection/datasets/dji003_priority_drowning_v2/images/val/drowning__DJI_20260410102649_0017_D__frame_012797.jpg,/Users/neerad/drowning-detection/datasets/dji003_priority_drowning_v2/labels/val/drowning__DJI_20260410102649_0017_D__frame_012797.txt,/Users/neerad/drowning-detection/datasets/dji003_priority_drowning_v2/previews/val/drowning__DJI_20260410102649_0017_D__frame_012797.jpg,3,"tread water,tread water,drowning",tread water,0.6641
DJI_20260410102649_0017_D.MP4,drowning,False,12857,train,/Users/neerad/drowning-detection/datasets/dji003_priority_drowning_v2/images/train/drowning__DJI_20260410102649_0017_D__frame_012857.jpg,/Users/neerad/drowning-detection/datasets/dji003_priority_drowning_v2/labels/train/drowning__DJI_20260410102649_0017_D__frame_012857.txt,/Users/neerad/drowning-detection/datasets/dji003_priority_drowning_v2/previews/train/drowning__DJI_20260410102649_0017_D__frame_012857.jpg,3,"tread water,tread water,drowning",tread water,0.5848
DJI_20260410102649_0017_D.MP4,drowning,False,12917,train,/Users/neerad/drowning-detection/datasets/dji003_priority_drowning_v2/images/train/drowning__DJI_20260410102649_0017_D__frame_012917.jpg,/Users/neerad/drowning-detection/datasets/dji003_priority_drowning_v2/labels/train/drowning__DJI_20260410102649_0017_D__frame_012917.txt,/Users/neerad/drowning-detection/datasets/dji003_priority_drowning_v2/previews/train/drowning__DJI_20260410102649_0017_D__frame_012917.jpg,4,"tread water,tread water,tread water,drowning",tread water,0.6746
DJI_20260410102649_0017_D.MP4,drowning,False,12979,train,/Users/neerad/drowning-detection/datasets/dji003_priority_drowning_v2/images/train/drowning__DJI_20260410102649_0017_D__frame_012979.jpg,/Users/neerad/drowning-detection/datasets/dji003_priority_drowning_v2/labels/train/drowning__DJI_20260410102649_0017_D__frame_012979.txt,/Users/neerad/drowning-detection/datasets/dji003_priority_drowning_v2/previews/train/drowning__DJI_20260410102649_0017_D__frame_012979.jpg,4,"tread water,tread water,tread water,drowning",tread water,0.7042
DJI_20260410102649_0017_D.MP4,drowning,False,13039,train,/Users/neerad/drowning-detection/datasets/dji003_priority_drowning_v2/images/train/drowning__DJI_20260410102649_0017_D__frame_013039.jpg,/Users/neerad/drowning-detection/datasets/dji003_priority_drowning_v2/labels/train/drowning__DJI_20260410102649_0017_D__frame_013039.txt,/Users/neerad/drowning-detection/datasets/dji003_priority_drowning_v2/previews/train/drowning__DJI_20260410102649_0017_D__frame_013039.jpg,3,"drowning,tread water,tread water",drowning,0.5551
DJI_20260410102649_0017_D.MP4,drowning,False,13099,val,/Users/neerad/drowning-detection/datasets/dji003_priority_drowning_v2/images/val/drowning__DJI_20260410102649_0017_D__frame_013099.jpg,/Users/neerad/drowning-detection/datasets/dji003_priority_drowning_v2/labels/val/drowning__DJI_20260410102649_0017_D__frame_013099.txt,/Users/neerad/drowning-detection/datasets/dji003_priority_drowning_v2/previews/val/drowning__DJI_20260410102649_0017_D__frame_013099.jpg,2,"tread water,drowning",tread water,0.5993
DJI_20260410102649_0017_D.MP4,drowning,False,13159,train,/Users/neerad/drowning-detection/datasets/dji003_priority_drowning_v2/images/train/drowning__DJI_20260410102649_0017_D__frame_013159.jpg,/Users/neerad/drowning-detection/datasets/dji003_priority_drowning_v2/labels/train/drowning__DJI_20260410102649_0017_D__frame_013159.txt,/Users/neerad/drowning-detection/datasets/dji003_priority_drowning_v2/previews/train/drowning__DJI_20260410102649_0017_D__frame_013159.jpg,2,"drowning,tread water",drowning,0.5777
DJI_20260410102649_0017_D.MP4,drowning,False,13222,train,/Users/neerad/drowning-detection/datasets/dji003_priority_drowning_v2/images/train/drowning__DJI_20260410102649_0017_D__frame_013222.jpg,/Users/neerad/drowning-detection/datasets/dji003_priority_drowning_v2/labels/train/drowning__DJI_20260410102649_0017_D__frame_013222.txt,/Users/neerad/drowning-detection/datasets/dji003_priority_drowning_v2/previews/train/drowning__DJI_20260410102649_0017_D__frame_013222.jpg,3,"drowning,tread water,tread water",drowning,0.4593
DJI_20260410102649_0017_D.MP4,drowning,False,13286,train,/Users/neerad/drowning-detection/datasets/dji003_priority_drowning_v2/images/train/drowning__DJI_20260410102649_0017_D__frame_013286.jpg,/Users/neerad/drowning-detection/datasets/dji003_priority_drowning_v2/labels/train/drowning__DJI_20260410102649_0017_D__frame_013286.txt,/Users/neerad/drowning-detection/datasets/dji003_priority_drowning_v2/previews/train/drowning__DJI_20260410102649_0017_D__frame_013286.jpg,3,"tread water,drowning,tread water",tread water,0.5410
DJI_20260410102649_0017_D.MP4,drowning,False,13346,train,/Users/neerad/drowning-detection/datasets/dji003_priority_drowning_v2/images/train/drowning__DJI_20260410102649_0017_D__frame_013346.jpg,/Users/neerad/drowning-detection/datasets/dji003_priority_drowning_v2/labels/train/drowning__DJI_20260410102649_0017_D__frame_013346.txt,/Users/neerad/drowning-detection/datasets/dji003_priority_drowning_v2/previews/train/drowning__DJI_20260410102649_0017_D__frame_013346.jpg,3,"drowning,tread water,tread water",drowning,0.5745
DJI_20260410102649_0017_D.MP4,drowning,False,13406,train,/Users/neerad/drowning-detection/datasets/dji003_priority_drowning_v2/images/train/drowning__DJI_20260410102649_0017_D__frame_013406.jpg,/Users/neerad/drowning-detection/datasets/dji003_priority_drowning_v2/labels/train/drowning__DJI_20260410102649_0017_D__frame_013406.txt,/Users/neerad/drowning-detection/datasets/dji003_priority_drowning_v2/previews/train/drowning__DJI_20260410102649_0017_D__frame_013406.jpg,4,"drowning,tread water,drowning,tread water",drowning,0.5657
DJI_20260410102340_0016_D.MP4,drowning,False,2,train,/Users/neerad/drowning-detection/datasets/dji003_priority_drowning_v2/images/train/drowning__DJI_20260410102340_0016_D__frame_000002.jpg,/Users/neerad/drowning-detection/datasets/dji003_priority_drowning_v2/labels/train/drowning__DJI_20260410102340_0016_D__frame_000002.txt,/Users/neerad/drowning-detection/datasets/dji003_priority_drowning_v2/previews/train/drowning__DJI_20260410102340_0016_D__frame_000002.jpg,4,"tread water,tread water,tread water,drowning",tread water,0.7492
DJI_20260410102340_0016_D.MP4,drowning,False,75,train,/Users/neerad/drowning-detection/datasets/dji003_priority_drowning_v2/images/train/drowning__DJI_20260410102340_0016_D__frame_000075.jpg,/Users/neerad/drowning-detection/datasets/dji003_priority_drowning_v2/labels/train/drowning__DJI_20260410102340_0016_D__frame_000075.txt,/Users/neerad/drowning-detection/datasets/dji003_priority_drowning_v2/previews/train/drowning__DJI_20260410102340_0016_D__frame_000075.jpg,4,"tread water,tread water,tread water,drowning",tread water,0.8382
DJI_20260410102340_0016_D.MP4,drowning,False,137,train,/Users/neerad/drowning-detection/datasets/dji003_priority_drowning_v2/images/train/drowning__DJI_20260410102340_0016_D__frame_000137.jpg,/Users/neerad/drowning-detection/datasets/dji003_priority_drowning_v2/labels/train/drowning__DJI_20260410102340_0016_D__frame_000137.txt,/Users/neerad/drowning-detection/datasets/dji003_priority_drowning_v2/previews/train/drowning__DJI_20260410102340_0016_D__frame_000137.jpg,4,"tread water,tread water,tread water,drowning",tread water,0.7998
DJI_20260410102340_0016_D.MP4,drowning,False,197,val,/Users/neerad/drowning-detection/datasets/dji003_priority_drowning_v2/images/val/drowning__DJI_20260410102340_0016_D__frame_000197.jpg,/Users/neerad/drowning-detection/datasets/dji003_priority_drowning_v2/labels/val/drowning__DJI_20260410102340_0016_D__frame_000197.txt,/Users/neerad/drowning-detection/datasets/dji003_priority_drowning_v2/previews/val/drowning__DJI_20260410102340_0016_D__frame_000197.jpg,2,"tread water,drowning",tread water,0.8130
DJI_20260410102340_0016_D.MP4,drowning,False,257,train,/Users/neerad/drowning-detection/datasets/dji003_priority_drowning_v2/images/train/drowning__DJI_20260410102340_0016_D__frame_000257.jpg,/Users/neerad/drowning-detection/datasets/dji003_priority_drowning_v2/labels/train/drowning__DJI_20260410102340_0016_D__frame_000257.txt,/Users/neerad/drowning-detection/datasets/dji003_priority_drowning_v2/previews/train/drowning__DJI_20260410102340_0016_D__frame_000257.jpg,2,"tread water,drowning",tread water,0.7003
DJI_20260410102340_0016_D.MP4,drowning,False,317,train,/Users/neerad/drowning-detection/datasets/dji003_priority_drowning_v2/images/train/drowning__DJI_20260410102340_0016_D__frame_000317.jpg,/Users/neerad/drowning-detection/datasets/dji003_priority_drowning_v2/labels/train/drowning__DJI_20260410102340_0016_D__frame_000317.txt,/Users/neerad/drowning-detection/datasets/dji003_priority_drowning_v2/previews/train/drowning__DJI_20260410102340_0016_D__frame_000317.jpg,4,"tread water,tread water,drowning,tread water",tread water,0.7357
DJI_20260410102340_0016_D.MP4,drowning,False,377,train,/Users/neerad/drowning-detection/datasets/dji003_priority_drowning_v2/images/train/drowning__DJI_20260410102340_0016_D__frame_000377.jpg,/Users/neerad/drowning-detection/datasets/dji003_priority_drowning_v2/labels/train/drowning__DJI_20260410102340_0016_D__frame_000377.txt,/Users/neerad/drowning-detection/datasets/dji003_priority_drowning_v2/previews/train/drowning__DJI_20260410102340_0016_D__frame_000377.jpg,3,"tread water,drowning,tread water",tread water,0.7491
DJI_20260410102340_0016_D.MP4,drowning,False,437,train,/Users/neerad/drowning-detection/datasets/dji003_priority_drowning_v2/images/train/drowning__DJI_20260410102340_0016_D__frame_000437.jpg,/Users/neerad/drowning-detection/datasets/dji003_priority_drowning_v2/labels/train/drowning__DJI_20260410102340_0016_D__frame_000437.txt,/Users/neerad/drowning-detection/datasets/dji003_priority_drowning_v2/previews/train/drowning__DJI_20260410102340_0016_D__frame_000437.jpg,4,"drowning,tread water,drowning,tread water",drowning,0.7547
DJI_20260410102340_0016_D.MP4,drowning,False,497,train,/Users/neerad/drowning-detection/datasets/dji003_priority_drowning_v2/images/train/drowning__DJI_20260410102340_0016_D__frame_000497.jpg,/Users/neerad/drowning-detection/datasets/dji003_priority_drowning_v2/labels/train/drowning__DJI_20260410102340_0016_D__frame_000497.txt,/Users/neerad/drowning-detection/datasets/dji003_priority_drowning_v2/previews/train/drowning__DJI_20260410102340_0016_D__frame_000497.jpg,4,"drowning,tread water,drowning,tread water",drowning,0.6767
DJI_20260410102340_0016_D.MP4,drowning,False,557,val,/Users/neerad/drowning-detection/datasets/dji003_priority_drowning_v2/images/val/drowning__DJI_20260410102340_0016_D__frame_000557.jpg,/Users/neerad/drowning-detection/datasets/dji003_priority_drowning_v2/labels/val/drowning__DJI_20260410102340_0016_D__frame_000557.txt,/Users/neerad/drowning-detection/datasets/dji003_priority_drowning_v2/previews/val/drowning__DJI_20260410102340_0016_D__frame_000557.jpg,4,"drowning,tread water,drowning,tread water",drowning,0.5816
DJI_20260410102340_0016_D.MP4,drowning,False,617,train,/Users/neerad/drowning-detection/datasets/dji003_priority_drowning_v2/images/train/drowning__DJI_20260410102340_0016_D__frame_000617.jpg,/Users/neerad/drowning-detection/datasets/dji003_priority_drowning_v2/labels/train/drowning__DJI_20260410102340_0016_D__frame_000617.txt,/Users/neerad/drowning-detection/datasets/dji003_priority_drowning_v2/previews/train/drowning__DJI_20260410102340_0016_D__frame_000617.jpg,4,"tread water,tread water,drowning,drowning",tread water,0.6745
DJI_20260410102340_0016_D.MP4,drowning,False,677,train,/Users/neerad/drowning-detection/datasets/dji003_priority_drowning_v2/images/train/drowning__DJI_20260410102340_0016_D__frame_000677.jpg,/Users/neerad/drowning-detection/datasets/dji003_priority_drowning_v2/labels/train/drowning__DJI_20260410102340_0016_D__frame_000677.txt,/Users/neerad/drowning-detection/datasets/dji003_priority_drowning_v2/previews/train/drowning__DJI_20260410102340_0016_D__frame_000677.jpg,3,"tread water,tread water,drowning",tread water,0.6222
DJI_20260410102340_0016_D.MP4,drowning,False,737,train,/Users/neerad/drowning-detection/datasets/dji003_priority_drowning_v2/images/train/drowning__DJI_20260410102340_0016_D__frame_000737.jpg,/Users/neerad/drowning-detection/datasets/dji003_priority_drowning_v2/labels/train/drowning__DJI_20260410102340_0016_D__frame_000737.txt,/Users/neerad/drowning-detection/datasets/dji003_priority_drowning_v2/previews/train/drowning__DJI_20260410102340_0016_D__frame_000737.jpg,4,"drowning,tread water,tread water,drowning",drowning,0.6264
DJI_20260410102340_0016_D.MP4,drowning,False,799,val,/Users/neerad/drowning-detection/datasets/dji003_priority_drowning_v2/images/val/drowning__DJI_20260410102340_0016_D__frame_000799.jpg,/Users/neerad/drowning-detection/datasets/dji003_priority_drowning_v2/labels/val/drowning__DJI_20260410102340_0016_D__frame_000799.txt,/Users/neerad/drowning-detection/datasets/dji003_priority_drowning_v2/previews/val/drowning__DJI_20260410102340_0016_D__frame_000799.jpg,4,"tread water,tread water,swimming,drowning",tread water,0.6278
DJI_20260410102340_0016_D.MP4,drowning,False,859,train,/Users/neerad/drowning-detection/datasets/dji003_priority_drowning_v2/images/train/drowning__DJI_20260410102340_0016_D__frame_000859.jpg,/Users/neerad/drowning-detection/datasets/dji003_priority_drowning_v2/labels/train/drowning__DJI_20260410102340_0016_D__frame_000859.txt,/Users/neerad/drowning-detection/datasets/dji003_priority_drowning_v2/previews/train/drowning__DJI_20260410102340_0016_D__frame_000859.jpg,4,"drowning,drowning,drowning,drowning",drowning,0.6672
DJI_20260410102340_0016_D.MP4,drowning,False,919,train,/Users/neerad/drowning-detection/datasets/dji003_priority_drowning_v2/images/train/drowning__DJI_20260410102340_0016_D__frame_000919.jpg,/Users/neerad/drowning-detection/datasets/dji003_priority_drowning_v2/labels/train/drowning__DJI_20260410102340_0016_D__frame_000919.txt,/Users/neerad/drowning-detection/datasets/dji003_priority_drowning_v2/previews/train/drowning__DJI_20260410102340_0016_D__frame_000919.jpg,3,"drowning,drowning,drowning",drowning,0.5879
DJI_20260410102340_0016_D.MP4,drowning,False,979,train,/Users/neerad/drowning-detection/datasets/dji003_priority_drowning_v2/images/train/drowning__DJI_20260410102340_0016_D__frame_000979.jpg,/Users/neerad/drowning-detection/datasets/dji003_priority_drowning_v2/labels/train/drowning__DJI_20260410102340_0016_D__frame_000979.txt,/Users/neerad/drowning-detection/datasets/dji003_priority_drowning_v2/previews/train/drowning__DJI_20260410102340_0016_D__frame_000979.jpg,3,"drowning,tread water,drowning",drowning,0.6227
DJI_20260410102340_0016_D.MP4,drowning,False,1039,train,/Users/neerad/drowning-detection/datasets/dji003_priority_drowning_v2/images/train/drowning__DJI_20260410102340_0016_D__frame_001039.jpg,/Users/neerad/drowning-detection/datasets/dji003_priority_drowning_v2/labels/train/drowning__DJI_20260410102340_0016_D__frame_001039.txt,/Users/neerad/drowning-detection/datasets/dji003_priority_drowning_v2/previews/train/drowning__DJI_20260410102340_0016_D__frame_001039.jpg,1,drowning,drowning,0.5134
DJI_20260410102340_0016_D.MP4,drowning,False,1099,train,/Users/neerad/drowning-detection/datasets/dji003_priority_drowning_v2/images/train/drowning__DJI_20260410102340_0016_D__frame_001099.jpg,/Users/neerad/drowning-detection/datasets/dji003_priority_drowning_v2/labels/train/drowning__DJI_20260410102340_0016_D__frame_001099.txt,/Users/neerad/drowning-detection/datasets/dji003_priority_drowning_v2/previews/train/drowning__DJI_20260410102340_0016_D__frame_001099.jpg,5,"drowning,tread water,tread water,drowning,drowning",drowning,0.5400
DJI_20260410102340_0016_D.MP4,drowning,False,1159,train,/Users/neerad/drowning-detection/datasets/dji003_priority_drowning_v2/images/train/drowning__DJI_20260410102340_0016_D__frame_001159.jpg,/Users/neerad/drowning-detection/datasets/dji003_priority_drowning_v2/labels/train/drowning__DJI_20260410102340_0016_D__frame_001159.txt,/Users/neerad/drowning-detection/datasets/dji003_priority_drowning_v2/previews/train/drowning__DJI_20260410102340_0016_D__frame_001159.jpg,5,"drowning,drowning,drowning,drowning,tread water",drowning,0.5972
DJI_20260410102340_0016_D.MP4,drowning,False,1219,train,/Users/neerad/drowning-detection/datasets/dji003_priority_drowning_v2/images/train/drowning__DJI_20260410102340_0016_D__frame_001219.jpg,/Users/neerad/drowning-detection/datasets/dji003_priority_drowning_v2/labels/train/drowning__DJI_20260410102340_0016_D__frame_001219.txt,/Users/neerad/drowning-detection/datasets/dji003_priority_drowning_v2/previews/train/drowning__DJI_20260410102340_0016_D__frame_001219.jpg,5,"tread water,tread water,drowning,tread water,drowning",tread water,0.5886
DJI_20260410102340_0016_D.MP4,drowning,False,1279,train,/Users/neerad/drowning-detection/datasets/dji003_priority_drowning_v2/images/train/drowning__DJI_20260410102340_0016_D__frame_001279.jpg,/Users/neerad/drowning-detection/datasets/dji003_priority_drowning_v2/labels/train/drowning__DJI_20260410102340_0016_D__frame_001279.txt,/Users/neerad/drowning-detection/datasets/dji003_priority_drowning_v2/previews/train/drowning__DJI_20260410102340_0016_D__frame_001279.jpg,4,"drowning,tread water,drowning,tread water",drowning,0.6306
DJI_20260410102340_0016_D.MP4,drowning,False,1339,train,/Users/neerad/drowning-detection/datasets/dji003_priority_drowning_v2/images/train/drowning__DJI_20260410102340_0016_D__frame_001339.jpg,/Users/neerad/drowning-detection/datasets/dji003_priority_drowning_v2/labels/train/drowning__DJI_20260410102340_0016_D__frame_001339.txt,/Users/neerad/drowning-detection/datasets/dji003_priority_drowning_v2/previews/train/drowning__DJI_20260410102340_0016_D__frame_001339.jpg,4,"tread water,drowning,drowning,tread water",tread water,0.5767
DJI_20260410102340_0016_D.MP4,drowning,False,1399,train,/Users/neerad/drowning-detection/datasets/dji003_priority_drowning_v2/images/train/drowning__DJI_20260410102340_0016_D__frame_001399.jpg,/Users/neerad/drowning-detection/datasets/dji003_priority_drowning_v2/labels/train/drowning__DJI_20260410102340_0016_D__frame_001399.txt,/Users/neerad/drowning-detection/datasets/dji003_priority_drowning_v2/previews/train/drowning__DJI_20260410102340_0016_D__frame_001399.jpg,3,"drowning,tread water,drowning",drowning,0.6051
DJI_20260410102340_0016_D.MP4,drowning,False,1459,val,/Users/neerad/drowning-detection/datasets/dji003_priority_drowning_v2/images/val/drowning__DJI_20260410102340_0016_D__frame_001459.jpg,/Users/neerad/drowning-detection/datasets/dji003_priority_drowning_v2/labels/val/drowning__DJI_20260410102340_0016_D__frame_001459.txt,/Users/neerad/drowning-detection/datasets/dji003_priority_drowning_v2/previews/val/drowning__DJI_20260410102340_0016_D__frame_001459.jpg,4,"tread water,drowning,tread water,tread water",tread water,0.6743
DJI_20260410102340_0016_D.MP4,drowning,False,1520,train,/Users/neerad/drowning-detection/datasets/dji003_priority_drowning_v2/images/train/drowning__DJI_20260410102340_0016_D__frame_001520.jpg,/Users/neerad/drowning-detection/datasets/dji003_priority_drowning_v2/labels/train/drowning__DJI_20260410102340_0016_D__frame_001520.txt,/Users/neerad/drowning-detection/datasets/dji003_priority_drowning_v2/previews/train/drowning__DJI_20260410102340_0016_D__frame_001520.jpg,4,"tread water,tread water,tread water,drowning",tread water,0.6804
DJI_20260410102340_0016_D.MP4,drowning,False,1580,train,/Users/neerad/drowning-detection/datasets/dji003_priority_drowning_v2/images/train/drowning__DJI_20260410102340_0016_D__frame_001580.jpg,/Users/neerad/drowning-detection/datasets/dji003_priority_drowning_v2/labels/train/drowning__DJI_20260410102340_0016_D__frame_001580.txt,/Users/neerad/drowning-detection/datasets/dji003_priority_drowning_v2/previews/train/drowning__DJI_20260410102340_0016_D__frame_001580.jpg,4,"tread water,tread water,tread water,drowning",tread water,0.7517
DJI_20260410102340_0016_D.MP4,drowning,False,1640,train,/Users/neerad/drowning-detection/datasets/dji003_priority_drowning_v2/images/train/drowning__DJI_20260410102340_0016_D__frame_001640.jpg,/Users/neerad/drowning-detection/datasets/dji003_priority_drowning_v2/labels/train/drowning__DJI_20260410102340_0016_D__frame_001640.txt,/Users/neerad/drowning-detection/datasets/dji003_priority_drowning_v2/previews/train/drowning__DJI_20260410102340_0016_D__frame_001640.jpg,3,"tread water,drowning,drowning",tread water,0.5731
DJI_20260410102340_0016_D.MP4,drowning,False,1700,train,/Users/neerad/drowning-detection/datasets/dji003_priority_drowning_v2/images/train/drowning__DJI_20260410102340_0016_D__frame_001700.jpg,/Users/neerad/drowning-detection/datasets/dji003_priority_drowning_v2/labels/train/drowning__DJI_20260410102340_0016_D__frame_001700.txt,/Users/neerad/drowning-detection/datasets/dji003_priority_drowning_v2/previews/train/drowning__DJI_20260410102340_0016_D__frame_001700.jpg,4,"tread water,tread water,drowning,drowning",tread water,0.5511
DJI_20260410102340_0016_D.MP4,drowning,False,1760,train,/Users/neerad/drowning-detection/datasets/dji003_priority_drowning_v2/images/train/drowning__DJI_20260410102340_0016_D__frame_001760.jpg,/Users/neerad/drowning-detection/datasets/dji003_priority_drowning_v2/labels/train/drowning__DJI_20260410102340_0016_D__frame_001760.txt,/Users/neerad/drowning-detection/datasets/dji003_priority_drowning_v2/previews/train/drowning__DJI_20260410102340_0016_D__frame_001760.jpg,3,"tread water,tread water,drowning",tread water,0.7675
DJI_20260410102340_0016_D.MP4,drowning,False,1820,val,/Users/neerad/drowning-detection/datasets/dji003_priority_drowning_v2/images/val/drowning__DJI_20260410102340_0016_D__frame_001820.jpg,/Users/neerad/drowning-detection/datasets/dji003_priority_drowning_v2/labels/val/drowning__DJI_20260410102340_0016_D__frame_001820.txt,/Users/neerad/drowning-detection/datasets/dji003_priority_drowning_v2/previews/val/drowning__DJI_20260410102340_0016_D__frame_001820.jpg,3,"tread water,drowning,drowning",tread water,0.7762
DJI_20260410102340_0016_D.MP4,drowning,False,1880,train,/Users/neerad/drowning-detection/datasets/dji003_priority_drowning_v2/images/train/drowning__DJI_20260410102340_0016_D__frame_001880.jpg,/Users/neerad/drowning-detection/datasets/dji003_priority_drowning_v2/labels/train/drowning__DJI_20260410102340_0016_D__frame_001880.txt,/Users/neerad/drowning-detection/datasets/dji003_priority_drowning_v2/previews/train/drowning__DJI_20260410102340_0016_D__frame_001880.jpg,5,"tread water,tread water,drowning,drowning,tread water",tread water,0.6269
DJI_20260410102340_0016_D.MP4,drowning,False,1940,train,/Users/neerad/drowning-detection/datasets/dji003_priority_drowning_v2/images/train/drowning__DJI_20260410102340_0016_D__frame_001940.jpg,/Users/neerad/drowning-detection/datasets/dji003_priority_drowning_v2/labels/train/drowning__DJI_20260410102340_0016_D__frame_001940.txt,/Users/neerad/drowning-detection/datasets/dji003_priority_drowning_v2/previews/train/drowning__DJI_20260410102340_0016_D__frame_001940.jpg,5,"tread water,drowning,drowning,tread water,drowning",tread water,0.5729
DJI_20260410102340_0016_D.MP4,drowning,False,2000,train,/Users/neerad/drowning-detection/datasets/dji003_priority_drowning_v2/images/train/drowning__DJI_20260410102340_0016_D__frame_002000.jpg,/Users/neerad/drowning-detection/datasets/dji003_priority_drowning_v2/labels/train/drowning__DJI_20260410102340_0016_D__frame_002000.txt,/Users/neerad/drowning-detection/datasets/dji003_priority_drowning_v2/previews/train/drowning__DJI_20260410102340_0016_D__frame_002000.jpg,5,"drowning,drowning,tread water,drowning,tread water",drowning,0.4940
DJI_20260410102340_0016_D.MP4,drowning,False,2060,val,/Users/neerad/drowning-detection/datasets/dji003_priority_drowning_v2/images/val/drowning__DJI_20260410102340_0016_D__frame_002060.jpg,/Users/neerad/drowning-detection/datasets/dji003_priority_drowning_v2/labels/val/drowning__DJI_20260410102340_0016_D__frame_002060.txt,/Users/neerad/drowning-detection/datasets/dji003_priority_drowning_v2/previews/val/drowning__DJI_20260410102340_0016_D__frame_002060.jpg,3,"tread water,drowning,drowning",tread water,0.7262
DJI_20260410102340_0016_D.MP4,drowning,False,2120,train,/Users/neerad/drowning-detection/datasets/dji003_priority_drowning_v2/images/train/drowning__DJI_20260410102340_0016_D__frame_002120.jpg,/Users/neerad/drowning-detection/datasets/dji003_priority_drowning_v2/labels/train/drowning__DJI_20260410102340_0016_D__frame_002120.txt,/Users/neerad/drowning-detection/datasets/dji003_priority_drowning_v2/previews/train/drowning__DJI_20260410102340_0016_D__frame_002120.jpg,3,"drowning,tread water,tread water",drowning,0.4521
DJI_20260410102340_0016_D.MP4,drowning,False,2180,val,/Users/neerad/drowning-detection/datasets/dji003_priority_drowning_v2/images/val/drowning__DJI_20260410102340_0016_D__frame_002180.jpg,/Users/neerad/drowning-detection/datasets/dji003_priority_drowning_v2/labels/val/drowning__DJI_20260410102340_0016_D__frame_002180.txt,/Users/neerad/drowning-detection/datasets/dji003_priority_drowning_v2/previews/val/drowning__DJI_20260410102340_0016_D__frame_002180.jpg,4,"tread water,drowning,tread water,tread water",tread water,0.6104
DJI_20260410102340_0016_D.MP4,drowning,False,2240,val,/Users/neerad/drowning-detection/datasets/dji003_priority_drowning_v2/images/val/drowning__DJI_20260410102340_0016_D__frame_002240.jpg,/Users/neerad/drowning-detection/datasets/dji003_priority_drowning_v2/labels/val/drowning__DJI_20260410102340_0016_D__frame_002240.txt,/Users/neerad/drowning-detection/datasets/dji003_priority_drowning_v2/previews/val/drowning__DJI_20260410102340_0016_D__frame_002240.jpg,5,"drowning,tread water,drowning,tread water,tread water",drowning,0.6191
DJI_20260410102340_0016_D.MP4,drowning,False,2300,train,/Users/neerad/drowning-detection/datasets/dji003_priority_drowning_v2/images/train/drowning__DJI_20260410102340_0016_D__frame_002300.jpg,/Users/neerad/drowning-detection/datasets/dji003_priority_drowning_v2/labels/train/drowning__DJI_20260410102340_0016_D__frame_002300.txt,/Users/neerad/drowning-detection/datasets/dji003_priority_drowning_v2/previews/train/drowning__DJI_20260410102340_0016_D__frame_002300.jpg,3,"tread water,drowning,tread water",tread water,0.6260
DJI_20260410102340_0016_D.MP4,drowning,False,2360,train,/Users/neerad/drowning-detection/datasets/dji003_priority_drowning_v2/images/train/drowning__DJI_20260410102340_0016_D__frame_002360.jpg,/Users/neerad/drowning-detection/datasets/dji003_priority_drowning_v2/labels/train/drowning__DJI_20260410102340_0016_D__frame_002360.txt,/Users/neerad/drowning-detection/datasets/dji003_priority_drowning_v2/previews/train/drowning__DJI_20260410102340_0016_D__frame_002360.jpg,4,"tread water,drowning,tread water,drowning",tread water,0.6445
DJI_20260410102340_0016_D.MP4,drowning,False,2420,train,/Users/neerad/drowning-detection/datasets/dji003_priority_drowning_v2/images/train/drowning__DJI_20260410102340_0016_D__frame_002420.jpg,/Users/neerad/drowning-detection/datasets/dji003_priority_drowning_v2/labels/train/drowning__DJI_20260410102340_0016_D__frame_002420.txt,/Users/neerad/drowning-detection/datasets/dji003_priority_drowning_v2/previews/train/drowning__DJI_20260410102340_0016_D__frame_002420.jpg,3,"tread water,tread water,drowning",tread water,0.6429
DJI_20260410102340_0016_D.MP4,drowning,False,2480,val,/Users/neerad/drowning-detection/datasets/dji003_priority_drowning_v2/images/val/drowning__DJI_20260410102340_0016_D__frame_002480.jpg,/Users/neerad/drowning-detection/datasets/dji003_priority_drowning_v2/labels/val/drowning__DJI_20260410102340_0016_D__frame_002480.txt,/Users/neerad/drowning-detection/datasets/dji003_priority_drowning_v2/previews/val/drowning__DJI_20260410102340_0016_D__frame_002480.jpg,3,"tread water,tread water,drowning",tread water,0.6918
DJI_20260410102340_0016_D.MP4,drowning,False,2540,train,/Users/neerad/drowning-detection/datasets/dji003_priority_drowning_v2/images/train/drowning__DJI_20260410102340_0016_D__frame_002540.jpg,/Users/neerad/drowning-detection/datasets/dji003_priority_drowning_v2/labels/train/drowning__DJI_20260410102340_0016_D__frame_002540.txt,/Users/neerad/drowning-detection/datasets/dji003_priority_drowning_v2/previews/train/drowning__DJI_20260410102340_0016_D__frame_002540.jpg,5,"tread water,tread water,drowning,tread water,drowning",tread water,0.7192
DJI_20260410102340_0016_D.MP4,drowning,False,2600,train,/Users/neerad/drowning-detection/datasets/dji003_priority_drowning_v2/images/train/drowning__DJI_20260410102340_0016_D__frame_002600.jpg,/Users/neerad/drowning-detection/datasets/dji003_priority_drowning_v2/labels/train/drowning__DJI_20260410102340_0016_D__frame_002600.txt,/Users/neerad/drowning-detection/datasets/dji003_priority_drowning_v2/previews/train/drowning__DJI_20260410102340_0016_D__frame_002600.jpg,4,"tread water,tread water,tread water,drowning",tread water,0.6842
DJI_20260410102340_0016_D.MP4,drowning,False,2669,train,/Users/neerad/drowning-detection/datasets/dji003_priority_drowning_v2/images/train/drowning__DJI_20260410102340_0016_D__frame_002669.jpg,/Users/neerad/drowning-detection/datasets/dji003_priority_drowning_v2/labels/train/drowning__DJI_20260410102340_0016_D__frame_002669.txt,/Users/neerad/drowning-detection/datasets/dji003_priority_drowning_v2/previews/train/drowning__DJI_20260410102340_0016_D__frame_002669.jpg,4,"tread water,tread water,tread water,drowning",tread water,0.6456
DJI_20260410102340_0016_D.MP4,drowning,False,2729,train,/Users/neerad/drowning-detection/datasets/dji003_priority_drowning_v2/images/train/drowning__DJI_20260410102340_0016_D__frame_002729.jpg,/Users/neerad/drowning-detection/datasets/dji003_priority_drowning_v2/labels/train/drowning__DJI_20260410102340_0016_D__frame_002729.txt,/Users/neerad/drowning-detection/datasets/dji003_priority_drowning_v2/previews/train/drowning__DJI_20260410102340_0016_D__frame_002729.jpg,4,"tread water,tread water,tread water,drowning",tread water,0.7573
DJI_20260410102340_0016_D.MP4,drowning,False,2794,train,/Users/neerad/drowning-detection/datasets/dji003_priority_drowning_v2/images/train/drowning__DJI_20260410102340_0016_D__frame_002794.jpg,/Users/neerad/drowning-detection/datasets/dji003_priority_drowning_v2/labels/train/drowning__DJI_20260410102340_0016_D__frame_002794.txt,/Users/neerad/drowning-detection/datasets/dji003_priority_drowning_v2/previews/train/drowning__DJI_20260410102340_0016_D__frame_002794.jpg,4,"tread water,tread water,tread water,drowning",tread water,0.6167
DJI_20260410102340_0016_D.MP4,drowning,False,2855,train,/Users/neerad/drowning-detection/datasets/dji003_priority_drowning_v2/images/train/drowning__DJI_20260410102340_0016_D__frame_002855.jpg,/Users/neerad/drowning-detection/datasets/dji003_priority_drowning_v2/labels/train/drowning__DJI_20260410102340_0016_D__frame_002855.txt,/Users/neerad/drowning-detection/datasets/dji003_priority_drowning_v2/previews/train/drowning__DJI_20260410102340_0016_D__frame_002855.jpg,4,"tread water,tread water,tread water,drowning",tread water,0.6860
DJI_20260410102340_0016_D.MP4,drowning,False,2915,train,/Users/neerad/drowning-detection/datasets/dji003_priority_drowning_v2/images/train/drowning__DJI_20260410102340_0016_D__frame_002915.jpg,/Users/neerad/drowning-detection/datasets/dji003_priority_drowning_v2/labels/train/drowning__DJI_20260410102340_0016_D__frame_002915.txt,/Users/neerad/drowning-detection/datasets/dji003_priority_drowning_v2/previews/train/drowning__DJI_20260410102340_0016_D__frame_002915.jpg,3,"tread water,drowning,tread water",tread water,0.6128
DJI_20260410102340_0016_D.MP4,drowning,False,2975,train,/Users/neerad/drowning-detection/datasets/dji003_priority_drowning_v2/images/train/drowning__DJI_20260410102340_0016_D__frame_002975.jpg,/Users/neerad/drowning-detection/datasets/dji003_priority_drowning_v2/labels/train/drowning__DJI_20260410102340_0016_D__frame_002975.txt,/Users/neerad/drowning-detection/datasets/dji003_priority_drowning_v2/previews/train/drowning__DJI_20260410102340_0016_D__frame_002975.jpg,3,"tread water,tread water,drowning",tread water,0.5690
DJI_20260410102340_0016_D.MP4,drowning,False,3035,train,/Users/neerad/drowning-detection/datasets/dji003_priority_drowning_v2/images/train/drowning__DJI_20260410102340_0016_D__frame_003035.jpg,/Users/neerad/drowning-detection/datasets/dji003_priority_drowning_v2/labels/train/drowning__DJI_20260410102340_0016_D__frame_003035.txt,/Users/neerad/drowning-detection/datasets/dji003_priority_drowning_v2/previews/train/drowning__DJI_20260410102340_0016_D__frame_003035.jpg,3,"drowning,tread water,drowning",drowning,0.5509
DJI_20260410102340_0016_D.MP4,drowning,False,3095,train,/Users/neerad/drowning-detection/datasets/dji003_priority_drowning_v2/images/train/drowning__DJI_20260410102340_0016_D__frame_003095.jpg,/Users/neerad/drowning-detection/datasets/dji003_priority_drowning_v2/labels/train/drowning__DJI_20260410102340_0016_D__frame_003095.txt,/Users/neerad/drowning-detection/datasets/dji003_priority_drowning_v2/previews/train/drowning__DJI_20260410102340_0016_D__frame_003095.jpg,4,"drowning,drowning,drowning,tread water",drowning,0.6287
DJI_20260410102340_0016_D.MP4,drowning,False,3155,train,/Users/neerad/drowning-detection/datasets/dji003_priority_drowning_v2/images/train/drowning__DJI_20260410102340_0016_D__frame_003155.jpg,/Users/neerad/drowning-detection/datasets/dji003_priority_drowning_v2/labels/train/drowning__DJI_20260410102340_0016_D__frame_003155.txt,/Users/neerad/drowning-detection/datasets/dji003_priority_drowning_v2/previews/train/drowning__DJI_20260410102340_0016_D__frame_003155.jpg,5,"tread water,drowning,tread water,drowning,tread water",tread water,0.6357
DJI_20260410102340_0016_D.MP4,drowning,False,3215,train,/Users/neerad/drowning-detection/datasets/dji003_priority_drowning_v2/images/train/drowning__DJI_20260410102340_0016_D__frame_003215.jpg,/Users/neerad/drowning-detection/datasets/dji003_priority_drowning_v2/labels/train/drowning__DJI_20260410102340_0016_D__frame_003215.txt,/Users/neerad/drowning-detection/datasets/dji003_priority_drowning_v2/previews/train/drowning__DJI_20260410102340_0016_D__frame_003215.jpg,5,"drowning,drowning,tread water,drowning,tread water",drowning,0.4985
DJI_20260410102340_0016_D.MP4,drowning,False,3275,train,/Users/neerad/drowning-detection/datasets/dji003_priority_drowning_v2/images/train/drowning__DJI_20260410102340_0016_D__frame_003275.jpg,/Users/neerad/drowning-detection/datasets/dji003_priority_drowning_v2/labels/train/drowning__DJI_20260410102340_0016_D__frame_003275.txt,/Users/neerad/drowning-detection/datasets/dji003_priority_drowning_v2/previews/train/drowning__DJI_20260410102340_0016_D__frame_003275.jpg,5,"tread water,drowning,tread water,drowning,tread water",tread water,0.5596
DJI_20260410102340_0016_D.MP4,drowning,False,3335,train,/Users/neerad/drowning-detection/datasets/dji003_priority_drowning_v2/images/train/drowning__DJI_20260410102340_0016_D__frame_003335.jpg,/Users/neerad/drowning-detection/datasets/dji003_priority_drowning_v2/labels/train/drowning__DJI_20260410102340_0016_D__frame_003335.txt,/Users/neerad/drowning-detection/datasets/dji003_priority_drowning_v2/previews/train/drowning__DJI_20260410102340_0016_D__frame_003335.jpg,4,"tread water,drowning,drowning,drowning",tread water,0.5668
DJI_20260410102340_0016_D.MP4,drowning,False,3395,train,/Users/neerad/drowning-detection/datasets/dji003_priority_drowning_v2/images/train/drowning__DJI_20260410102340_0016_D__frame_003395.jpg,/Users/neerad/drowning-detection/datasets/dji003_priority_drowning_v2/labels/train/drowning__DJI_20260410102340_0016_D__frame_003395.txt,/Users/neerad/drowning-detection/datasets/dji003_priority_drowning_v2/previews/train/drowning__DJI_20260410102340_0016_D__frame_003395.jpg,4,"tread water,drowning,drowning,drowning",tread water,0.6373
DJI_20260410102340_0016_D.MP4,drowning,False,3455,train,/Users/neerad/drowning-detection/datasets/dji003_priority_drowning_v2/images/train/drowning__DJI_20260410102340_0016_D__frame_003455.jpg,/Users/neerad/drowning-detection/datasets/dji003_priority_drowning_v2/labels/train/drowning__DJI_20260410102340_0016_D__frame_003455.txt,/Users/neerad/drowning-detection/datasets/dji003_priority_drowning_v2/previews/train/drowning__DJI_20260410102340_0016_D__frame_003455.jpg,5,"tread water,drowning,tread water,drowning,drowning",tread water,0.6984
DJI_20260410102340_0016_D.MP4,drowning,False,3515,val,/Users/neerad/drowning-detection/datasets/dji003_priority_drowning_v2/images/val/drowning__DJI_20260410102340_0016_D__frame_003515.jpg,/Users/neerad/drowning-detection/datasets/dji003_priority_drowning_v2/labels/val/drowning__DJI_20260410102340_0016_D__frame_003515.txt,/Users/neerad/drowning-detection/datasets/dji003_priority_drowning_v2/previews/val/drowning__DJI_20260410102340_0016_D__frame_003515.jpg,4,"tread water,drowning,tread water,drowning",tread water,0.7647
DJI_20260410102340_0016_D.MP4,drowning,False,3575,train,/Users/neerad/drowning-detection/datasets/dji003_priority_drowning_v2/images/train/drowning__DJI_20260410102340_0016_D__frame_003575.jpg,/Users/neerad/drowning-detection/datasets/dji003_priority_drowning_v2/labels/train/drowning__DJI_20260410102340_0016_D__frame_003575.txt,/Users/neerad/drowning-detection/datasets/dji003_priority_drowning_v2/previews/train/drowning__DJI_20260410102340_0016_D__frame_003575.jpg,3,"tread water,drowning,tread water",tread water,0.7402
DJI_20260410102340_0016_D.MP4,drowning,False,3635,train,/Users/neerad/drowning-detection/datasets/dji003_priority_drowning_v2/images/train/drowning__DJI_20260410102340_0016_D__frame_003635.jpg,/Users/neerad/drowning-detection/datasets/dji003_priority_drowning_v2/labels/train/drowning__DJI_20260410102340_0016_D__frame_003635.txt,/Users/neerad/drowning-detection/datasets/dji003_priority_drowning_v2/previews/train/drowning__DJI_20260410102340_0016_D__frame_003635.jpg,4,"tread water,tread water,drowning,tread water",tread water,0.7723
DJI_20260410102340_0016_D.MP4,drowning,False,3695,train,/Users/neerad/drowning-detection/datasets/dji003_priority_drowning_v2/images/train/drowning__DJI_20260410102340_0016_D__frame_003695.jpg,/Users/neerad/drowning-detection/datasets/dji003_priority_drowning_v2/labels/train/drowning__DJI_20260410102340_0016_D__frame_003695.txt,/Users/neerad/drowning-detection/datasets/dji003_priority_drowning_v2/previews/train/drowning__DJI_20260410102340_0016_D__frame_003695.jpg,5,"drowning,drowning,drowning,tread water,tread water",drowning,0.5477
DJI_20260410102340_0016_D.MP4,drowning,False,3755,val,/Users/neerad/drowning-detection/datasets/dji003_priority_drowning_v2/images/val/drowning__DJI_20260410102340_0016_D__frame_003755.jpg,/Users/neerad/drowning-detection/datasets/dji003_priority_drowning_v2/labels/val/drowning__DJI_20260410102340_0016_D__frame_003755.txt,/Users/neerad/drowning-detection/datasets/dji003_priority_drowning_v2/previews/val/drowning__DJI_20260410102340_0016_D__frame_003755.jpg,4,"drowning,drowning,drowning,tread water",drowning,0.6284
DJI_20260410102340_0016_D.MP4,drowning,False,3815,train,/Users/neerad/drowning-detection/datasets/dji003_priority_drowning_v2/images/train/drowning__DJI_20260410102340_0016_D__frame_003815.jpg,/Users/neerad/drowning-detection/datasets/dji003_priority_drowning_v2/labels/train/drowning__DJI_20260410102340_0016_D__frame_003815.txt,/Users/neerad/drowning-detection/datasets/dji003_priority_drowning_v2/previews/train/drowning__DJI_20260410102340_0016_D__frame_003815.jpg,5,"drowning,tread water,tread water,drowning,drowning",drowning,0.4869
DJI_20260410102340_0016_D.MP4,drowning,False,3875,train,/Users/neerad/drowning-detection/datasets/dji003_priority_drowning_v2/images/train/drowning__DJI_20260410102340_0016_D__frame_003875.jpg,/Users/neerad/drowning-detection/datasets/dji003_priority_drowning_v2/labels/train/drowning__DJI_20260410102340_0016_D__frame_003875.txt,/Users/neerad/drowning-detection/datasets/dji003_priority_drowning_v2/previews/train/drowning__DJI_20260410102340_0016_D__frame_003875.jpg,3,"tread water,drowning,tread water",tread water,0.7150
DJI_20260410102340_0016_D.MP4,drowning,False,3935,train,/Users/neerad/drowning-detection/datasets/dji003_priority_drowning_v2/images/train/drowning__DJI_20260410102340_0016_D__frame_003935.jpg,/Users/neerad/drowning-detection/datasets/dji003_priority_drowning_v2/labels/train/drowning__DJI_20260410102340_0016_D__frame_003935.txt,/Users/neerad/drowning-detection/datasets/dji003_priority_drowning_v2/previews/train/drowning__DJI_20260410102340_0016_D__frame_003935.jpg,4,"tread water,drowning,tread water,drowning",tread water,0.7589
DJI_20260410102340_0016_D.MP4,drowning,False,3995,train,/Users/neerad/drowning-detection/datasets/dji003_priority_drowning_v2/images/train/drowning__DJI_20260410102340_0016_D__frame_003995.jpg,/Users/neerad/drowning-detection/datasets/dji003_priority_drowning_v2/labels/train/drowning__DJI_20260410102340_0016_D__frame_003995.txt,/Users/neerad/drowning-detection/datasets/dji003_priority_drowning_v2/previews/train/drowning__DJI_20260410102340_0016_D__frame_003995.jpg,5,"drowning,tread water,tread water,drowning,tread water",drowning,0.6751
DJI_20260410102340_0016_D.MP4,drowning,False,4059,train,/Users/neerad/drowning-detection/datasets/dji003_priority_drowning_v2/images/train/drowning__DJI_20260410102340_0016_D__frame_004059.jpg,/Users/neerad/drowning-detection/datasets/dji003_priority_drowning_v2/labels/train/drowning__DJI_20260410102340_0016_D__frame_004059.txt,/Users/neerad/drowning-detection/datasets/dji003_priority_drowning_v2/previews/train/drowning__DJI_20260410102340_0016_D__frame_004059.jpg,3,"tread water,tread water,drowning",tread water,0.7069
DJI_20260410102340_0016_D.MP4,drowning,False,4119,train,/Users/neerad/drowning-detection/datasets/dji003_priority_drowning_v2/images/train/drowning__DJI_20260410102340_0016_D__frame_004119.jpg,/Users/neerad/drowning-detection/datasets/dji003_priority_drowning_v2/labels/train/drowning__DJI_20260410102340_0016_D__frame_004119.txt,/Users/neerad/drowning-detection/datasets/dji003_priority_drowning_v2/previews/train/drowning__DJI_20260410102340_0016_D__frame_004119.jpg,4,"tread water,drowning,tread water,tread water",tread water,0.6794
DJI_20260410102340_0016_D.MP4,drowning,False,4179,val,/Users/neerad/drowning-detection/datasets/dji003_priority_drowning_v2/images/val/drowning__DJI_20260410102340_0016_D__frame_004179.jpg,/Users/neerad/drowning-detection/datasets/dji003_priority_drowning_v2/labels/val/drowning__DJI_20260410102340_0016_D__frame_004179.txt,/Users/neerad/drowning-detection/datasets/dji003_priority_drowning_v2/previews/val/drowning__DJI_20260410102340_0016_D__frame_004179.jpg,3,"tread water,tread water,drowning",tread water,0.7175
DJI_20260410102340_0016_D.MP4,drowning,False,4239,train,/Users/neerad/drowning-detection/datasets/dji003_priority_drowning_v2/images/train/drowning__DJI_20260410102340_0016_D__frame_004239.jpg,/Users/neerad/drowning-detection/datasets/dji003_priority_drowning_v2/labels/train/drowning__DJI_20260410102340_0016_D__frame_004239.txt,/Users/neerad/drowning-detection/datasets/dji003_priority_drowning_v2/previews/train/drowning__DJI_20260410102340_0016_D__frame_004239.jpg,3,"tread water,drowning,tread water",tread water,0.6645
DJI_20260410102340_0016_D.MP4,drowning,False,4299,train,/Users/neerad/drowning-detection/datasets/dji003_priority_drowning_v2/images/train/drowning__DJI_20260410102340_0016_D__frame_004299.jpg,/Users/neerad/drowning-detection/datasets/dji003_priority_drowning_v2/labels/train/drowning__DJI_20260410102340_0016_D__frame_004299.txt,/Users/neerad/drowning-detection/datasets/dji003_priority_drowning_v2/previews/train/drowning__DJI_20260410102340_0016_D__frame_004299.jpg,4,"tread water,drowning,drowning,tread water",tread water,0.6384
DJI_20260410102340_0016_D.MP4,drowning,False,4359,train,/Users/neerad/drowning-detection/datasets/dji003_priority_drowning_v2/images/train/drowning__DJI_20260410102340_0016_D__frame_004359.jpg,/Users/neerad/drowning-detection/datasets/dji003_priority_drowning_v2/labels/train/drowning__DJI_20260410102340_0016_D__frame_004359.txt,/Users/neerad/drowning-detection/datasets/dji003_priority_drowning_v2/previews/train/drowning__DJI_20260410102340_0016_D__frame_004359.jpg,4,"tread water,tread water,drowning,tread water",tread water,0.6857
DJI_20260410102340_0016_D.MP4,drowning,False,4419,train,/Users/neerad/drowning-detection/datasets/dji003_priority_drowning_v2/images/train/drowning__DJI_20260410102340_0016_D__frame_004419.jpg,/Users/neerad/drowning-detection/datasets/dji003_priority_drowning_v2/labels/train/drowning__DJI_20260410102340_0016_D__frame_004419.txt,/Users/neerad/drowning-detection/datasets/dji003_priority_drowning_v2/previews/train/drowning__DJI_20260410102340_0016_D__frame_004419.jpg,3,"drowning,tread water,drowning",drowning,0.5065
DJI_20260410102340_0016_D.MP4,drowning,False,4479,train,/Users/neerad/drowning-detection/datasets/dji003_priority_drowning_v2/images/train/drowning__DJI_20260410102340_0016_D__frame_004479.jpg,/Users/neerad/drowning-detection/datasets/dji003_priority_drowning_v2/labels/train/drowning__DJI_20260410102340_0016_D__frame_004479.txt,/Users/neerad/drowning-detection/datasets/dji003_priority_drowning_v2/previews/train/drowning__DJI_20260410102340_0016_D__frame_004479.jpg,5,"tread water,drowning,tread water,tread water,drowning",tread water,0.4976
DJI_20260410102340_0016_D.MP4,drowning,False,4539,val,/Users/neerad/drowning-detection/datasets/dji003_priority_drowning_v2/images/val/drowning__DJI_20260410102340_0016_D__frame_004539.jpg,/Users/neerad/drowning-detection/datasets/dji003_priority_drowning_v2/labels/val/drowning__DJI_20260410102340_0016_D__frame_004539.txt,/Users/neerad/drowning-detection/datasets/dji003_priority_drowning_v2/previews/val/drowning__DJI_20260410102340_0016_D__frame_004539.jpg,4,"tread water,tread water,drowning,tread water",tread water,0.7614
DJI_20260410102340_0016_D.MP4,drowning,False,4599,train,/Users/neerad/drowning-detection/datasets/dji003_priority_drowning_v2/images/train/drowning__DJI_20260410102340_0016_D__frame_004599.jpg,/Users/neerad/drowning-detection/datasets/dji003_priority_drowning_v2/labels/train/drowning__DJI_20260410102340_0016_D__frame_004599.txt,/Users/neerad/drowning-detection/datasets/dji003_priority_drowning_v2/previews/train/drowning__DJI_20260410102340_0016_D__frame_004599.jpg,5,"tread water,drowning,tread water,tread water,drowning",tread water,0.5736
DJI_20260410102340_0016_D.MP4,drowning,False,4683,train,/Users/neerad/drowning-detection/datasets/dji003_priority_drowning_v2/images/train/drowning__DJI_20260410102340_0016_D__frame_004683.jpg,/Users/neerad/drowning-detection/datasets/dji003_priority_drowning_v2/labels/train/drowning__DJI_20260410102340_0016_D__frame_004683.txt,/Users/neerad/drowning-detection/datasets/dji003_priority_drowning_v2/previews/train/drowning__DJI_20260410102340_0016_D__frame_004683.jpg,4,"tread water,tread water,tread water,drowning",tread water,0.7201
DJI_20260410102340_0016_D.MP4,drowning,False,4743,train,/Users/neerad/drowning-detection/datasets/dji003_priority_drowning_v2/images/train/drowning__DJI_20260410102340_0016_D__frame_004743.jpg,/Users/neerad/drowning-detection/datasets/dji003_priority_drowning_v2/labels/train/drowning__DJI_20260410102340_0016_D__frame_004743.txt,/Users/neerad/drowning-detection/datasets/dji003_priority_drowning_v2/previews/train/drowning__DJI_20260410102340_0016_D__frame_004743.jpg,4,"tread water,tread water,tread water,drowning",tread water,0.6373
DJI_20260410102340_0016_D.MP4,drowning,False,4803,train,/Users/neerad/drowning-detection/datasets/dji003_priority_drowning_v2/images/train/drowning__DJI_20260410102340_0016_D__frame_004803.jpg,/Users/neerad/drowning-detection/datasets/dji003_priority_drowning_v2/labels/train/drowning__DJI_20260410102340_0016_D__frame_004803.txt,/Users/neerad/drowning-detection/datasets/dji003_priority_drowning_v2/previews/train/drowning__DJI_20260410102340_0016_D__frame_004803.jpg,3,"tread water,drowning,tread water",tread water,0.7866
DJI_20260410102340_0016_D.MP4,drowning,False,4915,val,/Users/neerad/drowning-detection/datasets/dji003_priority_drowning_v2/images/val/drowning__DJI_20260410102340_0016_D__frame_004915.jpg,/Users/neerad/drowning-detection/datasets/dji003_priority_drowning_v2/labels/val/drowning__DJI_20260410102340_0016_D__frame_004915.txt,/Users/neerad/drowning-detection/datasets/dji003_priority_drowning_v2/previews/val/drowning__DJI_20260410102340_0016_D__frame_004915.jpg,3,"tread water,tread water,drowning",tread water,0.5911
DJI_20260410102340_0016_D.MP4,drowning,False,4979,val,/Users/neerad/drowning-detection/datasets/dji003_priority_drowning_v2/images/val/drowning__DJI_20260410102340_0016_D__frame_004979.jpg,/Users/neerad/drowning-detection/datasets/dji003_priority_drowning_v2/labels/val/drowning__DJI_20260410102340_0016_D__frame_004979.txt,/Users/neerad/drowning-detection/datasets/dji003_priority_drowning_v2/previews/val/drowning__DJI_20260410102340_0016_D__frame_004979.jpg,3,"tread water,tread water,drowning",tread water,0.5023
DJI_20260410102340_0016_D.MP4,drowning,False,5039,val,/Users/neerad/drowning-detection/datasets/dji003_priority_drowning_v2/images/val/drowning__DJI_20260410102340_0016_D__frame_005039.jpg,/Users/neerad/drowning-detection/datasets/dji003_priority_drowning_v2/labels/val/drowning__DJI_20260410102340_0016_D__frame_005039.txt,/Users/neerad/drowning-detection/datasets/dji003_priority_drowning_v2/previews/val/drowning__DJI_20260410102340_0016_D__frame_005039.jpg,5,"tread water,tread water,tread water,drowning,tread water",tread water,0.5870
DJI_20260410102340_0016_D.MP4,drowning,False,5099,train,/Users/neerad/drowning-detection/datasets/dji003_priority_drowning_v2/images/train/drowning__DJI_20260410102340_0016_D__frame_005099.jpg,/Users/neerad/drowning-detection/datasets/dji003_priority_drowning_v2/labels/train/drowning__DJI_20260410102340_0016_D__frame_005099.txt,/Users/neerad/drowning-detection/datasets/dji003_priority_drowning_v2/previews/train/drowning__DJI_20260410102340_0016_D__frame_005099.jpg,4,"tread water,tread water,drowning,drowning",tread water,0.6647
DJI_20260410102340_0016_D.MP4,drowning,False,5159,train,/Users/neerad/drowning-detection/datasets/dji003_priority_drowning_v2/images/train/drowning__DJI_20260410102340_0016_D__frame_005159.jpg,/Users/neerad/drowning-detection/datasets/dji003_priority_drowning_v2/labels/train/drowning__DJI_20260410102340_0016_D__frame_005159.txt,/Users/neerad/drowning-detection/datasets/dji003_priority_drowning_v2/previews/train/drowning__DJI_20260410102340_0016_D__frame_005159.jpg,4,"tread water,drowning,drowning,tread water",tread water,0.5685
DJI_20260410102340_0016_D.MP4,drowning,False,5219,train,/Users/neerad/drowning-detection/datasets/dji003_priority_drowning_v2/images/train/drowning__DJI_20260410102340_0016_D__frame_005219.jpg,/Users/neerad/drowning-detection/datasets/dji003_priority_drowning_v2/labels/train/drowning__DJI_20260410102340_0016_D__frame_005219.txt,/Users/neerad/drowning-detection/datasets/dji003_priority_drowning_v2/previews/train/drowning__DJI_20260410102340_0016_D__frame_005219.jpg,4,"tread water,tread water,tread water,drowning",tread water,0.6375
DJI_20260410102340_0016_D.MP4,drowning,False,5279,train,/Users/neerad/drowning-detection/datasets/dji003_priority_drowning_v2/images/train/drowning__DJI_20260410102340_0016_D__frame_005279.jpg,/Users/neerad/drowning-detection/datasets/dji003_priority_drowning_v2/labels/train/drowning__DJI_20260410102340_0016_D__frame_005279.txt,/Users/neerad/drowning-detection/datasets/dji003_priority_drowning_v2/previews/train/drowning__DJI_20260410102340_0016_D__frame_005279.jpg,3,"tread water,tread water,drowning",tread water,0.6919
DJI_20260410102340_0016_D.MP4,drowning,False,5339,train,/Users/neerad/drowning-detection/datasets/dji003_priority_drowning_v2/images/train/drowning__DJI_20260410102340_0016_D__frame_005339.jpg,/Users/neerad/drowning-detection/datasets/dji003_priority_drowning_v2/labels/train/drowning__DJI_20260410102340_0016_D__frame_005339.txt,/Users/neerad/drowning-detection/datasets/dji003_priority_drowning_v2/previews/train/drowning__DJI_20260410102340_0016_D__frame_005339.jpg,5,"drowning,drowning,drowning,tread water,tread water",drowning,0.4494
DJI_20260410102340_0016_D.MP4,drowning,False,5399,train,/Users/neerad/drowning-detection/datasets/dji003_priority_drowning_v2/images/train/drowning__DJI_20260410102340_0016_D__frame_005399.jpg,/Users/neerad/drowning-detection/datasets/dji003_priority_drowning_v2/labels/train/drowning__DJI_20260410102340_0016_D__frame_005399.txt,/Users/neerad/drowning-detection/datasets/dji003_priority_drowning_v2/previews/train/drowning__DJI_20260410102340_0016_D__frame_005399.jpg,5,"drowning,drowning,drowning,tread water,drowning",drowning,0.6124
DJI_20260410102340_0016_D.MP4,drowning,False,5459,train,/Users/neerad/drowning-detection/datasets/dji003_priority_drowning_v2/images/train/drowning__DJI_20260410102340_0016_D__frame_005459.jpg,/Users/neerad/drowning-detection/datasets/dji003_priority_drowning_v2/labels/train/drowning__DJI_20260410102340_0016_D__frame_005459.txt,/Users/neerad/drowning-detection/datasets/dji003_priority_drowning_v2/previews/train/drowning__DJI_20260410102340_0016_D__frame_005459.jpg,3,"drowning,tread water,drowning",drowning,0.5226
DJI_20260410102340_0016_D.MP4,drowning,False,5519,train,/Users/neerad/drowning-detection/datasets/dji003_priority_drowning_v2/images/train/drowning__DJI_20260410102340_0016_D__frame_005519.jpg,/Users/neerad/drowning-detection/datasets/dji003_priority_drowning_v2/labels/train/drowning__DJI_20260410102340_0016_D__frame_005519.txt,/Users/neerad/drowning-detection/datasets/dji003_priority_drowning_v2/previews/train/drowning__DJI_20260410102340_0016_D__frame_005519.jpg,4,"tread water,drowning,tread water,drowning",tread water,0.6742
DJI_20260410102340_0016_D.MP4,drowning,False,5579,train,/Users/neerad/drowning-detection/datasets/dji003_priority_drowning_v2/images/train/drowning__DJI_20260410102340_0016_D__frame_005579.jpg,/Users/neerad/drowning-detection/datasets/dji003_priority_drowning_v2/labels/train/drowning__DJI_20260410102340_0016_D__frame_005579.txt,/Users/neerad/drowning-detection/datasets/dji003_priority_drowning_v2/previews/train/drowning__DJI_20260410102340_0016_D__frame_005579.jpg,5,"drowning,tread water,drowning,tread water,tread water",drowning,0.5005
DJI_20260410102340_0016_D.MP4,drowning,False,5640,train,/Users/neerad/drowning-detection/datasets/dji003_priority_drowning_v2/images/train/drowning__DJI_20260410102340_0016_D__frame_005640.jpg,/Users/neerad/drowning-detection/datasets/dji003_priority_drowning_v2/labels/train/drowning__DJI_20260410102340_0016_D__frame_005640.txt,/Users/neerad/drowning-detection/datasets/dji003_priority_drowning_v2/previews/train/drowning__DJI_20260410102340_0016_D__frame_005640.jpg,5,"tread water,tread water,tread water,tread water,drowning",tread water,0.5185
DJI_20260410102340_0016_D.MP4,drowning,False,5700,val,/Users/neerad/drowning-detection/datasets/dji003_priority_drowning_v2/images/val/drowning__DJI_20260410102340_0016_D__frame_005700.jpg,/Users/neerad/drowning-detection/datasets/dji003_priority_drowning_v2/labels/val/drowning__DJI_20260410102340_0016_D__frame_005700.txt,/Users/neerad/drowning-detection/datasets/dji003_priority_drowning_v2/previews/val/drowning__DJI_20260410102340_0016_D__frame_005700.jpg,7,"drowning,tread water,tread water,tread water,drowning,tread water,tread water",drowning,0.5362
DJI_20260410102340_0016_D.MP4,drowning,False,5760,train,/Users/neerad/drowning-detection/datasets/dji003_priority_drowning_v2/images/train/drowning__DJI_20260410102340_0016_D__frame_005760.jpg,/Users/neerad/drowning-detection/datasets/dji003_priority_drowning_v2/labels/train/drowning__DJI_20260410102340_0016_D__frame_005760.txt,/Users/neerad/drowning-detection/datasets/dji003_priority_drowning_v2/previews/train/drowning__DJI_20260410102340_0016_D__frame_005760.jpg,3,"drowning,tread water,drowning",drowning,0.6843
DJI_20260410102340_0016_D.MP4,drowning,False,5820,train,/Users/neerad/drowning-detection/datasets/dji003_priority_drowning_v2/images/train/drowning__DJI_20260410102340_0016_D__frame_005820.jpg,/Users/neerad/drowning-detection/datasets/dji003_priority_drowning_v2/labels/train/drowning__DJI_20260410102340_0016_D__frame_005820.txt,/Users/neerad/drowning-detection/datasets/dji003_priority_drowning_v2/previews/train/drowning__DJI_20260410102340_0016_D__frame_005820.jpg,4,"tread water,tread water,tread water,drowning",tread water,0.7924
DJI_20260410102340_0016_D.MP4,drowning,False,5884,val,/Users/neerad/drowning-detection/datasets/dji003_priority_drowning_v2/images/val/drowning__DJI_20260410102340_0016_D__frame_005884.jpg,/Users/neerad/drowning-detection/datasets/dji003_priority_drowning_v2/labels/val/drowning__DJI_20260410102340_0016_D__frame_005884.txt,/Users/neerad/drowning-detection/datasets/dji003_priority_drowning_v2/previews/val/drowning__DJI_20260410102340_0016_D__frame_005884.jpg,3,"tread water,tread water,drowning",tread water,0.7941
DJI_20260410102340_0016_D.MP4,drowning,False,6000,train,/Users/neerad/drowning-detection/datasets/dji003_priority_drowning_v2/images/train/drowning__DJI_20260410102340_0016_D__frame_006000.jpg,/Users/neerad/drowning-detection/datasets/dji003_priority_drowning_v2/labels/train/drowning__DJI_20260410102340_0016_D__frame_006000.txt,/Users/neerad/drowning-detection/datasets/dji003_priority_drowning_v2/previews/train/drowning__DJI_20260410102340_0016_D__frame_006000.jpg,5,"tread water,tread water,swimming,tread water,drowning",tread water,0.5731
DJI_20260410102340_0016_D.MP4,drowning,False,6060,train,/Users/neerad/drowning-detection/datasets/dji003_priority_drowning_v2/images/train/drowning__DJI_20260410102340_0016_D__frame_006060.jpg,/Users/neerad/drowning-detection/datasets/dji003_priority_drowning_v2/labels/train/drowning__DJI_20260410102340_0016_D__frame_006060.txt,/Users/neerad/drowning-detection/datasets/dji003_priority_drowning_v2/previews/train/drowning__DJI_20260410102340_0016_D__frame_006060.jpg,4,"tread water,tread water,tread water,drowning",tread water,0.7628
DJI_20260410102340_0016_D.MP4,drowning,False,6120,train,/Users/neerad/drowning-detection/datasets/dji003_priority_drowning_v2/images/train/drowning__DJI_20260410102340_0016_D__frame_006120.jpg,/Users/neerad/drowning-detection/datasets/dji003_priority_drowning_v2/labels/train/drowning__DJI_20260410102340_0016_D__frame_006120.txt,/Users/neerad/drowning-detection/datasets/dji003_priority_drowning_v2/previews/train/drowning__DJI_20260410102340_0016_D__frame_006120.jpg,4,"tread water,drowning,tread water,drowning",tread water,0.8151
DJI_20260410102340_0016_D.MP4,drowning,False,6193,train,/Users/neerad/drowning-detection/datasets/dji003_priority_drowning_v2/images/train/drowning__DJI_20260410102340_0016_D__frame_006193.jpg,/Users/neerad/drowning-detection/datasets/dji003_priority_drowning_v2/labels/train/drowning__DJI_20260410102340_0016_D__frame_006193.txt,/Users/neerad/drowning-detection/datasets/dji003_priority_drowning_v2/previews/train/drowning__DJI_20260410102340_0016_D__frame_006193.jpg,4,"tread water,tread water,tread water,drowning",tread water,0.7208
DJI_20260410102340_0016_D.MP4,drowning,False,6258,train,/Users/neerad/drowning-detection/datasets/dji003_priority_drowning_v2/images/train/drowning__DJI_20260410102340_0016_D__frame_006258.jpg,/Users/neerad/drowning-detection/datasets/dji003_priority_drowning_v2/labels/train/drowning__DJI_20260410102340_0016_D__frame_006258.txt,/Users/neerad/drowning-detection/datasets/dji003_priority_drowning_v2/previews/train/drowning__DJI_20260410102340_0016_D__frame_006258.jpg,4,"tread water,tread water,tread water,drowning",tread water,0.7691
DJI_20260410102340_0016_D.MP4,drowning,False,6335,train,/Users/neerad/drowning-detection/datasets/dji003_priority_drowning_v2/images/train/drowning__DJI_20260410102340_0016_D__frame_006335.jpg,/Users/neerad/drowning-detection/datasets/dji003_priority_drowning_v2/labels/train/drowning__DJI_20260410102340_0016_D__frame_006335.txt,/Users/neerad/drowning-detection/datasets/dji003_priority_drowning_v2/previews/train/drowning__DJI_20260410102340_0016_D__frame_006335.jpg,4,"tread water,tread water,drowning,tread water",tread water,0.6304
DJI_20260410102340_0016_D.MP4,drowning,False,6412,val,/Users/neerad/drowning-detection/datasets/dji003_priority_drowning_v2/images/val/drowning__DJI_20260410102340_0016_D__frame_006412.jpg,/Users/neerad/drowning-detection/datasets/dji003_priority_drowning_v2/labels/val/drowning__DJI_20260410102340_0016_D__frame_006412.txt,/Users/neerad/drowning-detection/datasets/dji003_priority_drowning_v2/previews/val/drowning__DJI_20260410102340_0016_D__frame_006412.jpg,3,"tread water,tread water,drowning",tread water,0.8190
DJI_20260410102340_0016_D.MP4,drowning,False,6515,val,/Users/neerad/drowning-detection/datasets/dji003_priority_drowning_v2/images/val/drowning__DJI_20260410102340_0016_D__frame_006515.jpg,/Users/neerad/drowning-detection/datasets/dji003_priority_drowning_v2/labels/val/drowning__DJI_20260410102340_0016_D__frame_006515.txt,/Users/neerad/drowning-detection/datasets/dji003_priority_drowning_v2/previews/val/drowning__DJI_20260410102340_0016_D__frame_006515.jpg,3,"tread water,tread water,drowning",tread water,0.8196
DJI_20260410102340_0016_D.MP4,drowning,False,6945,train,/Users/neerad/drowning-detection/datasets/dji003_priority_drowning_v2/images/train/drowning__DJI_20260410102340_0016_D__frame_006945.jpg,/Users/neerad/drowning-detection/datasets/dji003_priority_drowning_v2/labels/train/drowning__DJI_20260410102340_0016_D__frame_006945.txt,/Users/neerad/drowning-detection/datasets/dji003_priority_drowning_v2/previews/train/drowning__DJI_20260410102340_0016_D__frame_006945.jpg,2,"tread water,drowning",tread water,0.7127
DJI_20260410102340_0016_D.MP4,drowning,False,7081,train,/Users/neerad/drowning-detection/datasets/dji003_priority_drowning_v2/images/train/drowning__DJI_20260410102340_0016_D__frame_007081.jpg,/Users/neerad/drowning-detection/datasets/dji003_priority_drowning_v2/labels/train/drowning__DJI_20260410102340_0016_D__frame_007081.txt,/Users/neerad/drowning-detection/datasets/dji003_priority_drowning_v2/previews/train/drowning__DJI_20260410102340_0016_D__frame_007081.jpg,4,"tread water,tread water,tread water,drowning",tread water,0.6947
DJI_20260410101920_0015_D.MP4,drowning,False,46,train,/Users/neerad/drowning-detection/datasets/dji003_priority_drowning_v2/images/train/drowning__DJI_20260410101920_0015_D__frame_000046.jpg,/Users/neerad/drowning-detection/datasets/dji003_priority_drowning_v2/labels/train/drowning__DJI_20260410101920_0015_D__frame_000046.txt,/Users/neerad/drowning-detection/datasets/dji003_priority_drowning_v2/previews/train/drowning__DJI_20260410101920_0015_D__frame_000046.jpg,3,"tread water,tread water,drowning",tread water,0.7389
DJI_20260410101920_0015_D.MP4,drowning,False,115,train,/Users/neerad/drowning-detection/datasets/dji003_priority_drowning_v2/images/train/drowning__DJI_20260410101920_0015_D__frame_000115.jpg,/Users/neerad/drowning-detection/datasets/dji003_priority_drowning_v2/labels/train/drowning__DJI_20260410101920_0015_D__frame_000115.txt,/Users/neerad/drowning-detection/datasets/dji003_priority_drowning_v2/previews/train/drowning__DJI_20260410101920_0015_D__frame_000115.jpg,4,"tread water,tread water,swimming,drowning",tread water,0.7336
DJI_20260410101920_0015_D.MP4,drowning,False,181,train,/Users/neerad/drowning-detection/datasets/dji003_priority_drowning_v2/images/train/drowning__DJI_20260410101920_0015_D__frame_000181.jpg,/Users/neerad/drowning-detection/datasets/dji003_priority_drowning_v2/labels/train/drowning__DJI_20260410101920_0015_D__frame_000181.txt,/Users/neerad/drowning-detection/datasets/dji003_priority_drowning_v2/previews/train/drowning__DJI_20260410101920_0015_D__frame_000181.jpg,3,"tread water,tread water,drowning",tread water,0.6534
DJI_20260410101920_0015_D.MP4,drowning,False,244,val,/Users/neerad/drowning-detection/datasets/dji003_priority_drowning_v2/images/val/drowning__DJI_20260410101920_0015_D__frame_000244.jpg,/Users/neerad/drowning-detection/datasets/dji003_priority_drowning_v2/labels/val/drowning__DJI_20260410101920_0015_D__frame_000244.txt,/Users/neerad/drowning-detection/datasets/dji003_priority_drowning_v2/previews/val/drowning__DJI_20260410101920_0015_D__frame_000244.jpg,3,"tread water,tread water,drowning",tread water,0.7484
DJI_20260410101920_0015_D.MP4,drowning,False,304,val,/Users/neerad/drowning-detection/datasets/dji003_priority_drowning_v2/images/val/drowning__DJI_20260410101920_0015_D__frame_000304.jpg,/Users/neerad/drowning-detection/datasets/dji003_priority_drowning_v2/labels/val/drowning__DJI_20260410101920_0015_D__frame_000304.txt,/Users/neerad/drowning-detection/datasets/dji003_priority_drowning_v2/previews/val/drowning__DJI_20260410101920_0015_D__frame_000304.jpg,4,"tread water,drowning,drowning,tread water",tread water,0.5844
DJI_20260410101920_0015_D.MP4,drowning,False,364,train,/Users/neerad/drowning-detection/datasets/dji003_priority_drowning_v2/images/train/drowning__DJI_20260410101920_0015_D__frame_000364.jpg,/Users/neerad/drowning-detection/datasets/dji003_priority_drowning_v2/labels/train/drowning__DJI_20260410101920_0015_D__frame_000364.txt,/Users/neerad/drowning-detection/datasets/dji003_priority_drowning_v2/previews/train/drowning__DJI_20260410101920_0015_D__frame_000364.jpg,3,"tread water,drowning,tread water",tread water,0.5038
DJI_20260410101920_0015_D.MP4,drowning,False,425,train,/Users/neerad/drowning-detection/datasets/dji003_priority_drowning_v2/images/train/drowning__DJI_20260410101920_0015_D__frame_000425.jpg,/Users/neerad/drowning-detection/datasets/dji003_priority_drowning_v2/labels/train/drowning__DJI_20260410101920_0015_D__frame_000425.txt,/Users/neerad/drowning-detection/datasets/dji003_priority_drowning_v2/previews/train/drowning__DJI_20260410101920_0015_D__frame_000425.jpg,4,"tread water,tread water,drowning,drowning",tread water,0.6431
DJI_20260410101920_0015_D.MP4,drowning,False,485,train,/Users/neerad/drowning-detection/datasets/dji003_priority_drowning_v2/images/train/drowning__DJI_20260410101920_0015_D__frame_000485.jpg,/Users/neerad/drowning-detection/datasets/dji003_priority_drowning_v2/labels/train/drowning__DJI_20260410101920_0015_D__frame_000485.txt,/Users/neerad/drowning-detection/datasets/dji003_priority_drowning_v2/previews/train/drowning__DJI_20260410101920_0015_D__frame_000485.jpg,4,"drowning,tread water,tread water,drowning",drowning,0.4468
DJI_20260410101920_0015_D.MP4,drowning,False,545,train,/Users/neerad/drowning-detection/datasets/dji003_priority_drowning_v2/images/train/drowning__DJI_20260410101920_0015_D__frame_000545.jpg,/Users/neerad/drowning-detection/datasets/dji003_priority_drowning_v2/labels/train/drowning__DJI_20260410101920_0015_D__frame_000545.txt,/Users/neerad/drowning-detection/datasets/dji003_priority_drowning_v2/previews/train/drowning__DJI_20260410101920_0015_D__frame_000545.jpg,2,"tread water,drowning",tread water,0.6550
DJI_20260410101920_0015_D.MP4,drowning,False,605,train,/Users/neerad/drowning-detection/datasets/dji003_priority_drowning_v2/images/train/drowning__DJI_20260410101920_0015_D__frame_000605.jpg,/Users/neerad/drowning-detection/datasets/dji003_priority_drowning_v2/labels/train/drowning__DJI_20260410101920_0015_D__frame_000605.txt,/Users/neerad/drowning-detection/datasets/dji003_priority_drowning_v2/previews/train/drowning__DJI_20260410101920_0015_D__frame_000605.jpg,3,"tread water,tread water,drowning",tread water,0.5731
DJI_20260410101920_0015_D.MP4,drowning,False,665,train,/Users/neerad/drowning-detection/datasets/dji003_priority_drowning_v2/images/train/drowning__DJI_20260410101920_0015_D__frame_000665.jpg,/Users/neerad/drowning-detection/datasets/dji003_priority_drowning_v2/labels/train/drowning__DJI_20260410101920_0015_D__frame_000665.txt,/Users/neerad/drowning-detection/datasets/dji003_priority_drowning_v2/previews/train/drowning__DJI_20260410101920_0015_D__frame_000665.jpg,3,"tread water,tread water,drowning",tread water,0.5906
DJI_20260410101920_0015_D.MP4,drowning,False,725,train,/Users/neerad/drowning-detection/datasets/dji003_priority_drowning_v2/images/train/drowning__DJI_20260410101920_0015_D__frame_000725.jpg,/Users/neerad/drowning-detection/datasets/dji003_priority_drowning_v2/labels/train/drowning__DJI_20260410101920_0015_D__frame_000725.txt,/Users/neerad/drowning-detection/datasets/dji003_priority_drowning_v2/previews/train/drowning__DJI_20260410101920_0015_D__frame_000725.jpg,3,"tread water,drowning,tread water",tread water,0.7348
DJI_20260410101920_0015_D.MP4,drowning,False,785,val,/Users/neerad/drowning-detection/datasets/dji003_priority_drowning_v2/images/val/drowning__DJI_20260410101920_0015_D__frame_000785.jpg,/Users/neerad/drowning-detection/datasets/dji003_priority_drowning_v2/labels/val/drowning__DJI_20260410101920_0015_D__frame_000785.txt,/Users/neerad/drowning-detection/datasets/dji003_priority_drowning_v2/previews/val/drowning__DJI_20260410101920_0015_D__frame_000785.jpg,4,"drowning,drowning,tread water,tread water",drowning,0.5231
DJI_20260410101920_0015_D.MP4,drowning,False,845,train,/Users/neerad/drowning-detection/datasets/dji003_priority_drowning_v2/images/train/drowning__DJI_20260410101920_0015_D__frame_000845.jpg,/Users/neerad/drowning-detection/datasets/dji003_priority_drowning_v2/labels/train/drowning__DJI_20260410101920_0015_D__frame_000845.txt,/Users/neerad/drowning-detection/datasets/dji003_priority_drowning_v2/previews/train/drowning__DJI_20260410101920_0015_D__frame_000845.jpg,3,"tread water,tread water,drowning",tread water,0.6398
DJI_20260410101920_0015_D.MP4,drowning,False,905,train,/Users/neerad/drowning-detection/datasets/dji003_priority_drowning_v2/images/train/drowning__DJI_20260410101920_0015_D__frame_000905.jpg,/Users/neerad/drowning-detection/datasets/dji003_priority_drowning_v2/labels/train/drowning__DJI_20260410101920_0015_D__frame_000905.txt,/Users/neerad/drowning-detection/datasets/dji003_priority_drowning_v2/previews/train/drowning__DJI_20260410101920_0015_D__frame_000905.jpg,2,"drowning,tread water",drowning,0.5547
DJI_20260410101920_0015_D.MP4,drowning,False,965,train,/Users/neerad/drowning-detection/datasets/dji003_priority_drowning_v2/images/train/drowning__DJI_20260410101920_0015_D__frame_000965.jpg,/Users/neerad/drowning-detection/datasets/dji003_priority_drowning_v2/labels/train/drowning__DJI_20260410101920_0015_D__frame_000965.txt,/Users/neerad/drowning-detection/datasets/dji003_priority_drowning_v2/previews/train/drowning__DJI_20260410101920_0015_D__frame_000965.jpg,4,"drowning,tread water,drowning,drowning",drowning,0.5558
DJI_20260410101920_0015_D.MP4,drowning,False,1025,train,/Users/neerad/drowning-detection/datasets/dji003_priority_drowning_v2/images/train/drowning__DJI_20260410101920_0015_D__frame_001025.jpg,/Users/neerad/drowning-detection/datasets/dji003_priority_drowning_v2/labels/train/drowning__DJI_20260410101920_0015_D__frame_001025.txt,/Users/neerad/drowning-detection/datasets/dji003_priority_drowning_v2/previews/train/drowning__DJI_20260410101920_0015_D__frame_001025.jpg,2,"tread water,drowning",tread water,0.6100
DJI_20260410101920_0015_D.MP4,drowning,False,1102,val,/Users/neerad/drowning-detection/datasets/dji003_priority_drowning_v2/images/val/drowning__DJI_20260410101920_0015_D__frame_001102.jpg,/Users/neerad/drowning-detection/datasets/dji003_priority_drowning_v2/labels/val/drowning__DJI_20260410101920_0015_D__frame_001102.txt,/Users/neerad/drowning-detection/datasets/dji003_priority_drowning_v2/previews/val/drowning__DJI_20260410101920_0015_D__frame_001102.jpg,3,"tread water,drowning,tread water",tread water,0.6596
DJI_20260410101920_0015_D.MP4,drowning,False,1162,train,/Users/neerad/drowning-detection/datasets/dji003_priority_drowning_v2/images/train/drowning__DJI_20260410101920_0015_D__frame_001162.jpg,/Users/neerad/drowning-detection/datasets/dji003_priority_drowning_v2/labels/train/drowning__DJI_20260410101920_0015_D__frame_001162.txt,/Users/neerad/drowning-detection/datasets/dji003_priority_drowning_v2/previews/train/drowning__DJI_20260410101920_0015_D__frame_001162.jpg,3,"tread water,drowning,drowning",tread water,0.6516
DJI_20260410101920_0015_D.MP4,drowning,False,1222,train,/Users/neerad/drowning-detection/datasets/dji003_priority_drowning_v2/images/train/drowning__DJI_20260410101920_0015_D__frame_001222.jpg,/Users/neerad/drowning-detection/datasets/dji003_priority_drowning_v2/labels/train/drowning__DJI_20260410101920_0015_D__frame_001222.txt,/Users/neerad/drowning-detection/datasets/dji003_priority_drowning_v2/previews/train/drowning__DJI_20260410101920_0015_D__frame_001222.jpg,2,"tread water,drowning",tread water,0.6997
DJI_20260410101920_0015_D.MP4,drowning,False,1282,train,/Users/neerad/drowning-detection/datasets/dji003_priority_drowning_v2/images/train/drowning__DJI_20260410101920_0015_D__frame_001282.jpg,/Users/neerad/drowning-detection/datasets/dji003_priority_drowning_v2/labels/train/drowning__DJI_20260410101920_0015_D__frame_001282.txt,/Users/neerad/drowning-detection/datasets/dji003_priority_drowning_v2/previews/train/drowning__DJI_20260410101920_0015_D__frame_001282.jpg,3,"drowning,tread water,drowning",drowning,0.5546
DJI_20260410101920_0015_D.MP4,drowning,False,1342,train,/Users/neerad/drowning-detection/datasets/dji003_priority_drowning_v2/images/train/drowning__DJI_20260410101920_0015_D__frame_001342.jpg,/Users/neerad/drowning-detection/datasets/dji003_priority_drowning_v2/labels/train/drowning__DJI_20260410101920_0015_D__frame_001342.txt,/Users/neerad/drowning-detection/datasets/dji003_priority_drowning_v2/previews/train/drowning__DJI_20260410101920_0015_D__frame_001342.jpg,3,"tread water,drowning,drowning",tread water,0.4217
DJI_20260410101920_0015_D.MP4,drowning,False,1402,train,/Users/neerad/drowning-detection/datasets/dji003_priority_drowning_v2/images/train/drowning__DJI_20260410101920_0015_D__frame_001402.jpg,/Users/neerad/drowning-detection/datasets/dji003_priority_drowning_v2/labels/train/drowning__DJI_20260410101920_0015_D__frame_001402.txt,/Users/neerad/drowning-detection/datasets/dji003_priority_drowning_v2/previews/train/drowning__DJI_20260410101920_0015_D__frame_001402.jpg,2,"drowning,tread water",drowning,0.7340
DJI_20260410101920_0015_D.MP4,drowning,False,1462,val,/Users/neerad/drowning-detection/datasets/dji003_priority_drowning_v2/images/val/drowning__DJI_20260410101920_0015_D__frame_001462.jpg,/Users/neerad/drowning-detection/datasets/dji003_priority_drowning_v2/labels/val/drowning__DJI_20260410101920_0015_D__frame_001462.txt,/Users/neerad/drowning-detection/datasets/dji003_priority_drowning_v2/previews/val/drowning__DJI_20260410101920_0015_D__frame_001462.jpg,3,"drowning,tread water,drowning",drowning,0.6222
DJI_20260410101920_0015_D.MP4,drowning,False,1525,train,/Users/neerad/drowning-detection/datasets/dji003_priority_drowning_v2/images/train/drowning__DJI_20260410101920_0015_D__frame_001525.jpg,/Users/neerad/drowning-detection/datasets/dji003_priority_drowning_v2/labels/train/drowning__DJI_20260410101920_0015_D__frame_001525.txt,/Users/neerad/drowning-detection/datasets/dji003_priority_drowning_v2/previews/train/drowning__DJI_20260410101920_0015_D__frame_001525.jpg,3,"tread water,tread water,drowning",tread water,0.7014
DJI_20260410101920_0015_D.MP4,drowning,False,1585,train,/Users/neerad/drowning-detection/datasets/dji003_priority_drowning_v2/images/train/drowning__DJI_20260410101920_0015_D__frame_001585.jpg,/Users/neerad/drowning-detection/datasets/dji003_priority_drowning_v2/labels/train/drowning__DJI_20260410101920_0015_D__frame_001585.txt,/Users/neerad/drowning-detection/datasets/dji003_priority_drowning_v2/previews/train/drowning__DJI_20260410101920_0015_D__frame_001585.jpg,3,"tread water,tread water,drowning",tread water,0.6917
DJI_20260410101920_0015_D.MP4,drowning,False,1645,train,/Users/neerad/drowning-detection/datasets/dji003_priority_drowning_v2/images/train/drowning__DJI_20260410101920_0015_D__frame_001645.jpg,/Users/neerad/drowning-detection/datasets/dji003_priority_drowning_v2/labels/train/drowning__DJI_20260410101920_0015_D__frame_001645.txt,/Users/neerad/drowning-detection/datasets/dji003_priority_drowning_v2/previews/train/drowning__DJI_20260410101920_0015_D__frame_001645.jpg,3,"tread water,tread water,drowning",tread water,0.6821
DJI_20260410101920_0015_D.MP4,drowning,False,1705,train,/Users/neerad/drowning-detection/datasets/dji003_priority_drowning_v2/images/train/drowning__DJI_20260410101920_0015_D__frame_001705.jpg,/Users/neerad/drowning-detection/datasets/dji003_priority_drowning_v2/labels/train/drowning__DJI_20260410101920_0015_D__frame_001705.txt,/Users/neerad/drowning-detection/datasets/dji003_priority_drowning_v2/previews/train/drowning__DJI_20260410101920_0015_D__frame_001705.jpg,3,"tread water,tread water,drowning",tread water,0.6469
DJI_20260410101920_0015_D.MP4,drowning,False,1765,train,/Users/neerad/drowning-detection/datasets/dji003_priority_drowning_v2/images/train/drowning__DJI_20260410101920_0015_D__frame_001765.jpg,/Users/neerad/drowning-detection/datasets/dji003_priority_drowning_v2/labels/train/drowning__DJI_20260410101920_0015_D__frame_001765.txt,/Users/neerad/drowning-detection/datasets/dji003_priority_drowning_v2/previews/train/drowning__DJI_20260410101920_0015_D__frame_001765.jpg,3,"tread water,tread water,drowning",tread water,0.5771
DJI_20260410101920_0015_D.MP4,drowning,False,1825,train,/Users/neerad/drowning-detection/datasets/dji003_priority_drowning_v2/images/train/drowning__DJI_20260410101920_0015_D__frame_001825.jpg,/Users/neerad/drowning-detection/datasets/dji003_priority_drowning_v2/labels/train/drowning__DJI_20260410101920_0015_D__frame_001825.txt,/Users/neerad/drowning-detection/datasets/dji003_priority_drowning_v2/previews/train/drowning__DJI_20260410101920_0015_D__frame_001825.jpg,3,"tread water,tread water,drowning",tread water,0.7145
DJI_20260410101920_0015_D.MP4,drowning,False,1927,train,/Users/neerad/drowning-detection/datasets/dji003_priority_drowning_v2/images/train/drowning__DJI_20260410101920_0015_D__frame_001927.jpg,/Users/neerad/drowning-detection/datasets/dji003_priority_drowning_v2/labels/train/drowning__DJI_20260410101920_0015_D__frame_001927.txt,/Users/neerad/drowning-detection/datasets/dji003_priority_drowning_v2/previews/train/drowning__DJI_20260410101920_0015_D__frame_001927.jpg,3,"tread water,tread water,drowning",tread water,0.7223
DJI_20260410101920_0015_D.MP4,drowning,False,1987,train,/Users/neerad/drowning-detection/datasets/dji003_priority_drowning_v2/images/train/drowning__DJI_20260410101920_0015_D__frame_001987.jpg,/Users/neerad/drowning-detection/datasets/dji003_priority_drowning_v2/labels/train/drowning__DJI_20260410101920_0015_D__frame_001987.txt,/Users/neerad/drowning-detection/datasets/dji003_priority_drowning_v2/previews/train/drowning__DJI_20260410101920_0015_D__frame_001987.jpg,2,"tread water,drowning",tread water,0.7592
DJI_20260410101920_0015_D.MP4,drowning,False,2048,val,/Users/neerad/drowning-detection/datasets/dji003_priority_drowning_v2/images/val/drowning__DJI_20260410101920_0015_D__frame_002048.jpg,/Users/neerad/drowning-detection/datasets/dji003_priority_drowning_v2/labels/val/drowning__DJI_20260410101920_0015_D__frame_002048.txt,/Users/neerad/drowning-detection/datasets/dji003_priority_drowning_v2/previews/val/drowning__DJI_20260410101920_0015_D__frame_002048.jpg,4,"tread water,tread water,drowning,drowning",tread water,0.6726
DJI_20260410101920_0015_D.MP4,drowning,False,2108,train,/Users/neerad/drowning-detection/datasets/dji003_priority_drowning_v2/images/train/drowning__DJI_20260410101920_0015_D__frame_002108.jpg,/Users/neerad/drowning-detection/datasets/dji003_priority_drowning_v2/labels/train/drowning__DJI_20260410101920_0015_D__frame_002108.txt,/Users/neerad/drowning-detection/datasets/dji003_priority_drowning_v2/previews/train/drowning__DJI_20260410101920_0015_D__frame_002108.jpg,2,"tread water,drowning",tread water,0.6499
DJI_20260410101920_0015_D.MP4,drowning,False,2168,train,/Users/neerad/drowning-detection/datasets/dji003_priority_drowning_v2/images/train/drowning__DJI_20260410101920_0015_D__frame_002168.jpg,/Users/neerad/drowning-detection/datasets/dji003_priority_drowning_v2/labels/train/drowning__DJI_20260410101920_0015_D__frame_002168.txt,/Users/neerad/drowning-detection/datasets/dji003_priority_drowning_v2/previews/train/drowning__DJI_20260410101920_0015_D__frame_002168.jpg,1,drowning,drowning,0.5646
DJI_20260410101920_0015_D.MP4,drowning,False,2228,train,/Users/neerad/drowning-detection/datasets/dji003_priority_drowning_v2/images/train/drowning__DJI_20260410101920_0015_D__frame_002228.jpg,/Users/neerad/drowning-detection/datasets/dji003_priority_drowning_v2/labels/train/drowning__DJI_20260410101920_0015_D__frame_002228.txt,/Users/neerad/drowning-detection/datasets/dji003_priority_drowning_v2/previews/train/drowning__DJI_20260410101920_0015_D__frame_002228.jpg,3,"drowning,tread water,drowning",drowning,0.3940
DJI_20260410101920_0015_D.MP4,drowning,False,2288,train,/Users/neerad/drowning-detection/datasets/dji003_priority_drowning_v2/images/train/drowning__DJI_20260410101920_0015_D__frame_002288.jpg,/Users/neerad/drowning-detection/datasets/dji003_priority_drowning_v2/labels/train/drowning__DJI_20260410101920_0015_D__frame_002288.txt,/Users/neerad/drowning-detection/datasets/dji003_priority_drowning_v2/previews/train/drowning__DJI_20260410101920_0015_D__frame_002288.jpg,3,"tread water,tread water,drowning",tread water,0.5080
DJI_20260410101920_0015_D.MP4,drowning,False,2348,train,/Users/neerad/drowning-detection/datasets/dji003_priority_drowning_v2/images/train/drowning__DJI_20260410101920_0015_D__frame_002348.jpg,/Users/neerad/drowning-detection/datasets/dji003_priority_drowning_v2/labels/train/drowning__DJI_20260410101920_0015_D__frame_002348.txt,/Users/neerad/drowning-detection/datasets/dji003_priority_drowning_v2/previews/train/drowning__DJI_20260410101920_0015_D__frame_002348.jpg,2,"drowning,tread water",drowning,0.5125
DJI_20260410101920_0015_D.MP4,drowning,False,2408,train,/Users/neerad/drowning-detection/datasets/dji003_priority_drowning_v2/images/train/drowning__DJI_20260410101920_0015_D__frame_002408.jpg,/Users/neerad/drowning-detection/datasets/dji003_priority_drowning_v2/labels/train/drowning__DJI_20260410101920_0015_D__frame_002408.txt,/Users/neerad/drowning-detection/datasets/dji003_priority_drowning_v2/previews/train/drowning__DJI_20260410101920_0015_D__frame_002408.jpg,2,"drowning,tread water",drowning,0.4817
DJI_20260410101920_0015_D.MP4,drowning,False,2468,train,/Users/neerad/drowning-detection/datasets/dji003_priority_drowning_v2/images/train/drowning__DJI_20260410101920_0015_D__frame_002468.jpg,/Users/neerad/drowning-detection/datasets/dji003_priority_drowning_v2/labels/train/drowning__DJI_20260410101920_0015_D__frame_002468.txt,/Users/neerad/drowning-detection/datasets/dji003_priority_drowning_v2/previews/train/drowning__DJI_20260410101920_0015_D__frame_002468.jpg,2,"tread water,drowning",tread water,0.4026
DJI_20260410101920_0015_D.MP4,drowning,False,2528,train,/Users/neerad/drowning-detection/datasets/dji003_priority_drowning_v2/images/train/drowning__DJI_20260410101920_0015_D__frame_002528.jpg,/Users/neerad/drowning-detection/datasets/dji003_priority_drowning_v2/labels/train/drowning__DJI_20260410101920_0015_D__frame_002528.txt,/Users/neerad/drowning-detection/datasets/dji003_priority_drowning_v2/previews/train/drowning__DJI_20260410101920_0015_D__frame_002528.jpg,2,"drowning,drowning",drowning,0.4704
DJI_20260410101920_0015_D.MP4,drowning,False,2588,val,/Users/neerad/drowning-detection/datasets/dji003_priority_drowning_v2/images/val/drowning__DJI_20260410101920_0015_D__frame_002588.jpg,/Users/neerad/drowning-detection/datasets/dji003_priority_drowning_v2/labels/val/drowning__DJI_20260410101920_0015_D__frame_002588.txt,/Users/neerad/drowning-detection/datasets/dji003_priority_drowning_v2/previews/val/drowning__DJI_20260410101920_0015_D__frame_002588.jpg,1,drowning,drowning,0.5162
DJI_20260410101920_0015_D.MP4,drowning,False,2648,val,/Users/neerad/drowning-detection/datasets/dji003_priority_drowning_v2/images/val/drowning__DJI_20260410101920_0015_D__frame_002648.jpg,/Users/neerad/drowning-detection/datasets/dji003_priority_drowning_v2/labels/val/drowning__DJI_20260410101920_0015_D__frame_002648.txt,/Users/neerad/drowning-detection/datasets/dji003_priority_drowning_v2/previews/val/drowning__DJI_20260410101920_0015_D__frame_002648.jpg,2,"drowning,tread water",drowning,0.4797
DJI_20260410101920_0015_D.MP4,drowning,False,2708,train,/Users/neerad/drowning-detection/datasets/dji003_priority_drowning_v2/images/train/drowning__DJI_20260410101920_0015_D__frame_002708.jpg,/Users/neerad/drowning-detection/datasets/dji003_priority_drowning_v2/labels/train/drowning__DJI_20260410101920_0015_D__frame_002708.txt,/Users/neerad/drowning-detection/datasets/dji003_priority_drowning_v2/previews/train/drowning__DJI_20260410101920_0015_D__frame_002708.jpg,2,"drowning,drowning",drowning,0.3091
DJI_20260410101920_0015_D.MP4,drowning,False,2768,train,/Users/neerad/drowning-detection/datasets/dji003_priority_drowning_v2/images/train/drowning__DJI_20260410101920_0015_D__frame_002768.jpg,/Users/neerad/drowning-detection/datasets/dji003_priority_drowning_v2/labels/train/drowning__DJI_20260410101920_0015_D__frame_002768.txt,/Users/neerad/drowning-detection/datasets/dji003_priority_drowning_v2/previews/train/drowning__DJI_20260410101920_0015_D__frame_002768.jpg,2,"drowning,tread water",drowning,0.5554
DJI_20260410101920_0015_D.MP4,drowning,False,2828,train,/Users/neerad/drowning-detection/datasets/dji003_priority_drowning_v2/images/train/drowning__DJI_20260410101920_0015_D__frame_002828.jpg,/Users/neerad/drowning-detection/datasets/dji003_priority_drowning_v2/labels/train/drowning__DJI_20260410101920_0015_D__frame_002828.txt,/Users/neerad/drowning-detection/datasets/dji003_priority_drowning_v2/previews/train/drowning__DJI_20260410101920_0015_D__frame_002828.jpg,2,"drowning,tread water",drowning,0.3456
DJI_20260410101920_0015_D.MP4,drowning,False,2888,train,/Users/neerad/drowning-detection/datasets/dji003_priority_drowning_v2/images/train/drowning__DJI_20260410101920_0015_D__frame_002888.jpg,/Users/neerad/drowning-detection/datasets/dji003_priority_drowning_v2/labels/train/drowning__DJI_20260410101920_0015_D__frame_002888.txt,/Users/neerad/drowning-detection/datasets/dji003_priority_drowning_v2/previews/train/drowning__DJI_20260410101920_0015_D__frame_002888.jpg,1,drowning,drowning,0.5143
DJI_20260410101920_0015_D.MP4,drowning,False,2948,train,/Users/neerad/drowning-detection/datasets/dji003_priority_drowning_v2/images/train/drowning__DJI_20260410101920_0015_D__frame_002948.jpg,/Users/neerad/drowning-detection/datasets/dji003_priority_drowning_v2/labels/train/drowning__DJI_20260410101920_0015_D__frame_002948.txt,/Users/neerad/drowning-detection/datasets/dji003_priority_drowning_v2/previews/train/drowning__DJI_20260410101920_0015_D__frame_002948.jpg,3,"drowning,tread water,drowning",drowning,0.5340
DJI_20260410101920_0015_D.MP4,drowning,False,3008,train,/Users/neerad/drowning-detection/datasets/dji003_priority_drowning_v2/images/train/drowning__DJI_20260410101920_0015_D__frame_003008.jpg,/Users/neerad/drowning-detection/datasets/dji003_priority_drowning_v2/labels/train/drowning__DJI_20260410101920_0015_D__frame_003008.txt,/Users/neerad/drowning-detection/datasets/dji003_priority_drowning_v2/previews/train/drowning__DJI_20260410101920_0015_D__frame_003008.jpg,2,"drowning,tread water",drowning,0.6143
DJI_20260410101920_0015_D.MP4,drowning,False,3073,train,/Users/neerad/drowning-detection/datasets/dji003_priority_drowning_v2/images/train/drowning__DJI_20260410101920_0015_D__frame_003073.jpg,/Users/neerad/drowning-detection/datasets/dji003_priority_drowning_v2/labels/train/drowning__DJI_20260410101920_0015_D__frame_003073.txt,/Users/neerad/drowning-detection/datasets/dji003_priority_drowning_v2/previews/train/drowning__DJI_20260410101920_0015_D__frame_003073.jpg,2,"tread water,drowning",tread water,0.5133
DJI_20260410101920_0015_D.MP4,drowning,False,3157,train,/Users/neerad/drowning-detection/datasets/dji003_priority_drowning_v2/images/train/drowning__DJI_20260410101920_0015_D__frame_003157.jpg,/Users/neerad/drowning-detection/datasets/dji003_priority_drowning_v2/labels/train/drowning__DJI_20260410101920_0015_D__frame_003157.txt,/Users/neerad/drowning-detection/datasets/dji003_priority_drowning_v2/previews/train/drowning__DJI_20260410101920_0015_D__frame_003157.jpg,2,"tread water,drowning",tread water,0.5287
DJI_20260410101920_0015_D.MP4,drowning,False,3249,train,/Users/neerad/drowning-detection/datasets/dji003_priority_drowning_v2/images/train/drowning__DJI_20260410101920_0015_D__frame_003249.jpg,/Users/neerad/drowning-detection/datasets/dji003_priority_drowning_v2/labels/train/drowning__DJI_20260410101920_0015_D__frame_003249.txt,/Users/neerad/drowning-detection/datasets/dji003_priority_drowning_v2/previews/train/drowning__DJI_20260410101920_0015_D__frame_003249.jpg,2,"tread water,drowning",tread water,0.5687
DJI_20260410101920_0015_D.MP4,drowning,False,3376,val,/Users/neerad/drowning-detection/datasets/dji003_priority_drowning_v2/images/val/drowning__DJI_20260410101920_0015_D__frame_003376.jpg,/Users/neerad/drowning-detection/datasets/dji003_priority_drowning_v2/labels/val/drowning__DJI_20260410101920_0015_D__frame_003376.txt,/Users/neerad/drowning-detection/datasets/dji003_priority_drowning_v2/previews/val/drowning__DJI_20260410101920_0015_D__frame_003376.jpg,2,"tread water,drowning",tread water,0.5273
DJI_20260410101920_0015_D.MP4,drowning,False,3491,train,/Users/neerad/drowning-detection/datasets/dji003_priority_drowning_v2/images/train/drowning__DJI_20260410101920_0015_D__frame_003491.jpg,/Users/neerad/drowning-detection/datasets/dji003_priority_drowning_v2/labels/train/drowning__DJI_20260410101920_0015_D__frame_003491.txt,/Users/neerad/drowning-detection/datasets/dji003_priority_drowning_v2/previews/train/drowning__DJI_20260410101920_0015_D__frame_003491.jpg,3,"tread water,tread water,drowning",tread water,0.4929
DJI_20260410101920_0015_D.MP4,drowning,False,3660,val,/Users/neerad/drowning-detection/datasets/dji003_priority_drowning_v2/images/val/drowning__DJI_20260410101920_0015_D__frame_003660.jpg,/Users/neerad/drowning-detection/datasets/dji003_priority_drowning_v2/labels/val/drowning__DJI_20260410101920_0015_D__frame_003660.txt,/Users/neerad/drowning-detection/datasets/dji003_priority_drowning_v2/previews/val/drowning__DJI_20260410101920_0015_D__frame_003660.jpg,2,"tread water,drowning",tread water,0.5565
DJI_20260410101920_0015_D.MP4,drowning,False,3731,train,/Users/neerad/drowning-detection/datasets/dji003_priority_drowning_v2/images/train/drowning__DJI_20260410101920_0015_D__frame_003731.jpg,/Users/neerad/drowning-detection/datasets/dji003_priority_drowning_v2/labels/train/drowning__DJI_20260410101920_0015_D__frame_003731.txt,/Users/neerad/drowning-detection/datasets/dji003_priority_drowning_v2/previews/train/drowning__DJI_20260410101920_0015_D__frame_003731.jpg,3,"tread water,tread water,drowning",tread water,0.6506
DJI_20260410101920_0015_D.MP4,drowning,False,3791,train,/Users/neerad/drowning-detection/datasets/dji003_priority_drowning_v2/images/train/drowning__DJI_20260410101920_0015_D__frame_003791.jpg,/Users/neerad/drowning-detection/datasets/dji003_priority_drowning_v2/labels/train/drowning__DJI_20260410101920_0015_D__frame_003791.txt,/Users/neerad/drowning-detection/datasets/dji003_priority_drowning_v2/previews/train/drowning__DJI_20260410101920_0015_D__frame_003791.jpg,3,"drowning,tread water,tread water",drowning,0.6106
DJI_20260410101920_0015_D.MP4,drowning,False,3851,val,/Users/neerad/drowning-detection/datasets/dji003_priority_drowning_v2/images/val/drowning__DJI_20260410101920_0015_D__frame_003851.jpg,/Users/neerad/drowning-detection/datasets/dji003_priority_drowning_v2/labels/val/drowning__DJI_20260410101920_0015_D__frame_003851.txt,/Users/neerad/drowning-detection/datasets/dji003_priority_drowning_v2/previews/val/drowning__DJI_20260410101920_0015_D__frame_003851.jpg,1,drowning,drowning,0.5029
DJI_20260410101920_0015_D.MP4,drowning,False,3911,train,/Users/neerad/drowning-detection/datasets/dji003_priority_drowning_v2/images/train/drowning__DJI_20260410101920_0015_D__frame_003911.jpg,/Users/neerad/drowning-detection/datasets/dji003_priority_drowning_v2/labels/train/drowning__DJI_20260410101920_0015_D__frame_003911.txt,/Users/neerad/drowning-detection/datasets/dji003_priority_drowning_v2/previews/train/drowning__DJI_20260410101920_0015_D__frame_003911.jpg,1,drowning,drowning,0.2006
DJI_20260410101920_0015_D.MP4,drowning,False,3971,train,/Users/neerad/drowning-detection/datasets/dji003_priority_drowning_v2/images/train/drowning__DJI_20260410101920_0015_D__frame_003971.jpg,/Users/neerad/drowning-detection/datasets/dji003_priority_drowning_v2/labels/train/drowning__DJI_20260410101920_0015_D__frame_003971.txt,/Users/neerad/drowning-detection/datasets/dji003_priority_drowning_v2/previews/train/drowning__DJI_20260410101920_0015_D__frame_003971.jpg,3,"drowning,tread water,drowning",drowning,0.3936
DJI_20260410101920_0015_D.MP4,drowning,False,4031,train,/Users/neerad/drowning-detection/datasets/dji003_priority_drowning_v2/images/train/drowning__DJI_20260410101920_0015_D__frame_004031.jpg,/Users/neerad/drowning-detection/datasets/dji003_priority_drowning_v2/labels/train/drowning__DJI_20260410101920_0015_D__frame_004031.txt,/Users/neerad/drowning-detection/datasets/dji003_priority_drowning_v2/previews/train/drowning__DJI_20260410101920_0015_D__frame_004031.jpg,2,"tread water,drowning",tread water,0.4416
DJI_20260410101920_0015_D.MP4,drowning,False,4091,train,/Users/neerad/drowning-detection/datasets/dji003_priority_drowning_v2/images/train/drowning__DJI_20260410101920_0015_D__frame_004091.jpg,/Users/neerad/drowning-detection/datasets/dji003_priority_drowning_v2/labels/train/drowning__DJI_20260410101920_0015_D__frame_004091.txt,/Users/neerad/drowning-detection/datasets/dji003_priority_drowning_v2/previews/train/drowning__DJI_20260410101920_0015_D__frame_004091.jpg,2,"drowning,drowning",drowning,0.5479
DJI_20260410101920_0015_D.MP4,drowning,False,4151,train,/Users/neerad/drowning-detection/datasets/dji003_priority_drowning_v2/images/train/drowning__DJI_20260410101920_0015_D__frame_004151.jpg,/Users/neerad/drowning-detection/datasets/dji003_priority_drowning_v2/labels/train/drowning__DJI_20260410101920_0015_D__frame_004151.txt,/Users/neerad/drowning-detection/datasets/dji003_priority_drowning_v2/previews/train/drowning__DJI_20260410101920_0015_D__frame_004151.jpg,2,"drowning,swimming",drowning,0.6344
DJI_20260410101920_0015_D.MP4,drowning,False,4226,train,/Users/neerad/drowning-detection/datasets/dji003_priority_drowning_v2/images/train/drowning__DJI_20260410101920_0015_D__frame_004226.jpg,/Users/neerad/drowning-detection/datasets/dji003_priority_drowning_v2/labels/train/drowning__DJI_20260410101920_0015_D__frame_004226.txt,/Users/neerad/drowning-detection/datasets/dji003_priority_drowning_v2/previews/train/drowning__DJI_20260410101920_0015_D__frame_004226.jpg,3,"tread water,tread water,drowning",tread water,0.5561
DJI_20260410101920_0015_D.MP4,drowning,False,4325,train,/Users/neerad/drowning-detection/datasets/dji003_priority_drowning_v2/images/train/drowning__DJI_20260410101920_0015_D__frame_004325.jpg,/Users/neerad/drowning-detection/datasets/dji003_priority_drowning_v2/labels/train/drowning__DJI_20260410101920_0015_D__frame_004325.txt,/Users/neerad/drowning-detection/datasets/dji003_priority_drowning_v2/previews/train/drowning__DJI_20260410101920_0015_D__frame_004325.jpg,2,"tread water,drowning",tread water,0.6747
DJI_20260410101920_0015_D.MP4,drowning,False,4425,train,/Users/neerad/drowning-detection/datasets/dji003_priority_drowning_v2/images/train/drowning__DJI_20260410101920_0015_D__frame_004425.jpg,/Users/neerad/drowning-detection/datasets/dji003_priority_drowning_v2/labels/train/drowning__DJI_20260410101920_0015_D__frame_004425.txt,/Users/neerad/drowning-detection/datasets/dji003_priority_drowning_v2/previews/train/drowning__DJI_20260410101920_0015_D__frame_004425.jpg,3,"tread water,tread water,drowning",tread water,0.6509
DJI_20260410101920_0015_D.MP4,drowning,False,4514,train,/Users/neerad/drowning-detection/datasets/dji003_priority_drowning_v2/images/train/drowning__DJI_20260410101920_0015_D__frame_004514.jpg,/Users/neerad/drowning-detection/datasets/dji003_priority_drowning_v2/labels/train/drowning__DJI_20260410101920_0015_D__frame_004514.txt,/Users/neerad/drowning-detection/datasets/dji003_priority_drowning_v2/previews/train/drowning__DJI_20260410101920_0015_D__frame_004514.jpg,2,"tread water,drowning",tread water,0.4809
DJI_20260410101920_0015_D.MP4,drowning,False,4584,val,/Users/neerad/drowning-detection/datasets/dji003_priority_drowning_v2/images/val/drowning__DJI_20260410101920_0015_D__frame_004584.jpg,/Users/neerad/drowning-detection/datasets/dji003_priority_drowning_v2/labels/val/drowning__DJI_20260410101920_0015_D__frame_004584.txt,/Users/neerad/drowning-detection/datasets/dji003_priority_drowning_v2/previews/val/drowning__DJI_20260410101920_0015_D__frame_004584.jpg,3,"tread water,tread water,drowning",tread water,0.4615
DJI_20260410101920_0015_D.MP4,drowning,False,4644,train,/Users/neerad/drowning-detection/datasets/dji003_priority_drowning_v2/images/train/drowning__DJI_20260410101920_0015_D__frame_004644.jpg,/Users/neerad/drowning-detection/datasets/dji003_priority_drowning_v2/labels/train/drowning__DJI_20260410101920_0015_D__frame_004644.txt,/Users/neerad/drowning-detection/datasets/dji003_priority_drowning_v2/previews/train/drowning__DJI_20260410101920_0015_D__frame_004644.jpg,3,"drowning,tread water,tread water",drowning,0.4784
DJI_20260410101920_0015_D.MP4,drowning,False,4704,train,/Users/neerad/drowning-detection/datasets/dji003_priority_drowning_v2/images/train/drowning__DJI_20260410101920_0015_D__frame_004704.jpg,/Users/neerad/drowning-detection/datasets/dji003_priority_drowning_v2/labels/train/drowning__DJI_20260410101920_0015_D__frame_004704.txt,/Users/neerad/drowning-detection/datasets/dji003_priority_drowning_v2/previews/train/drowning__DJI_20260410101920_0015_D__frame_004704.jpg,2,"swimming,drowning",swimming,0.5439
DJI_20260410101920_0015_D.MP4,drowning,False,4766,train,/Users/neerad/drowning-detection/datasets/dji003_priority_drowning_v2/images/train/drowning__DJI_20260410101920_0015_D__frame_004766.jpg,/Users/neerad/drowning-detection/datasets/dji003_priority_drowning_v2/labels/train/drowning__DJI_20260410101920_0015_D__frame_004766.txt,/Users/neerad/drowning-detection/datasets/dji003_priority_drowning_v2/previews/train/drowning__DJI_20260410101920_0015_D__frame_004766.jpg,3,"tread water,tread water,drowning",tread water,0.5699
DJI_20260410101920_0015_D.MP4,drowning,False,4905,train,/Users/neerad/drowning-detection/datasets/dji003_priority_drowning_v2/images/train/drowning__DJI_20260410101920_0015_D__frame_004905.jpg,/Users/neerad/drowning-detection/datasets/dji003_priority_drowning_v2/labels/train/drowning__DJI_20260410101920_0015_D__frame_004905.txt,/Users/neerad/drowning-detection/datasets/dji003_priority_drowning_v2/previews/train/drowning__DJI_20260410101920_0015_D__frame_004905.jpg,3,"tread water,tread water,drowning",tread water,0.6655
DJI_20260410101920_0015_D.MP4,drowning,False,4966,train,/Users/neerad/drowning-detection/datasets/dji003_priority_drowning_v2/images/train/drowning__DJI_20260410101920_0015_D__frame_004966.jpg,/Users/neerad/drowning-detection/datasets/dji003_priority_drowning_v2/labels/train/drowning__DJI_20260410101920_0015_D__frame_004966.txt,/Users/neerad/drowning-detection/datasets/dji003_priority_drowning_v2/previews/train/drowning__DJI_20260410101920_0015_D__frame_004966.jpg,3,"tread water,tread water,drowning",tread water,0.5634
DJI_20260410101920_0015_D.MP4,drowning,False,5026,train,/Users/neerad/drowning-detection/datasets/dji003_priority_drowning_v2/images/train/drowning__DJI_20260410101920_0015_D__frame_005026.jpg,/Users/neerad/drowning-detection/datasets/dji003_priority_drowning_v2/labels/train/drowning__DJI_20260410101920_0015_D__frame_005026.txt,/Users/neerad/drowning-detection/datasets/dji003_priority_drowning_v2/previews/train/drowning__DJI_20260410101920_0015_D__frame_005026.jpg,2,"drowning,drowning",drowning,0.5660
DJI_20260410101920_0015_D.MP4,drowning,False,5086,val,/Users/neerad/drowning-detection/datasets/dji003_priority_drowning_v2/images/val/drowning__DJI_20260410101920_0015_D__frame_005086.jpg,/Users/neerad/drowning-detection/datasets/dji003_priority_drowning_v2/labels/val/drowning__DJI_20260410101920_0015_D__frame_005086.txt,/Users/neerad/drowning-detection/datasets/dji003_priority_drowning_v2/previews/val/drowning__DJI_20260410101920_0015_D__frame_005086.jpg,2,"drowning,drowning",drowning,0.4637
DJI_20260410101920_0015_D.MP4,drowning,False,5146,train,/Users/neerad/drowning-detection/datasets/dji003_priority_drowning_v2/images/train/drowning__DJI_20260410101920_0015_D__frame_005146.jpg,/Users/neerad/drowning-detection/datasets/dji003_priority_drowning_v2/labels/train/drowning__DJI_20260410101920_0015_D__frame_005146.txt,/Users/neerad/drowning-detection/datasets/dji003_priority_drowning_v2/previews/train/drowning__DJI_20260410101920_0015_D__frame_005146.jpg,2,"drowning,tread water",drowning,0.7115
DJI_20260410101920_0015_D.MP4,drowning,False,5206,train,/Users/neerad/drowning-detection/datasets/dji003_priority_drowning_v2/images/train/drowning__DJI_20260410101920_0015_D__frame_005206.jpg,/Users/neerad/drowning-detection/datasets/dji003_priority_drowning_v2/labels/train/drowning__DJI_20260410101920_0015_D__frame_005206.txt,/Users/neerad/drowning-detection/datasets/dji003_priority_drowning_v2/previews/train/drowning__DJI_20260410101920_0015_D__frame_005206.jpg,1,drowning,drowning,0.6731
DJI_20260410101920_0015_D.MP4,drowning,False,5267,train,/Users/neerad/drowning-detection/datasets/dji003_priority_drowning_v2/images/train/drowning__DJI_20260410101920_0015_D__frame_005267.jpg,/Users/neerad/drowning-detection/datasets/dji003_priority_drowning_v2/labels/train/drowning__DJI_20260410101920_0015_D__frame_005267.txt,/Users/neerad/drowning-detection/datasets/dji003_priority_drowning_v2/previews/train/drowning__DJI_20260410101920_0015_D__frame_005267.jpg,3,"tread water,drowning,swimming",tread water,0.3822
DJI_20260410101920_0015_D.MP4,drowning,False,5327,train,/Users/neerad/drowning-detection/datasets/dji003_priority_drowning_v2/images/train/drowning__DJI_20260410101920_0015_D__frame_005327.jpg,/Users/neerad/drowning-detection/datasets/dji003_priority_drowning_v2/labels/train/drowning__DJI_20260410101920_0015_D__frame_005327.txt,/Users/neerad/drowning-detection/datasets/dji003_priority_drowning_v2/previews/train/drowning__DJI_20260410101920_0015_D__frame_005327.jpg,2,"drowning,tread water",drowning,0.4863
DJI_20260410101920_0015_D.MP4,drowning,False,5387,train,/Users/neerad/drowning-detection/datasets/dji003_priority_drowning_v2/images/train/drowning__DJI_20260410101920_0015_D__frame_005387.jpg,/Users/neerad/drowning-detection/datasets/dji003_priority_drowning_v2/labels/train/drowning__DJI_20260410101920_0015_D__frame_005387.txt,/Users/neerad/drowning-detection/datasets/dji003_priority_drowning_v2/previews/train/drowning__DJI_20260410101920_0015_D__frame_005387.jpg,4,"tread water,tread water,drowning,tread water",tread water,0.6368
DJI_20260410101920_0015_D.MP4,drowning,False,5452,train,/Users/neerad/drowning-detection/datasets/dji003_priority_drowning_v2/images/train/drowning__DJI_20260410101920_0015_D__frame_005452.jpg,/Users/neerad/drowning-detection/datasets/dji003_priority_drowning_v2/labels/train/drowning__DJI_20260410101920_0015_D__frame_005452.txt,/Users/neerad/drowning-detection/datasets/dji003_priority_drowning_v2/previews/train/drowning__DJI_20260410101920_0015_D__frame_005452.jpg,3,"tread water,tread water,drowning",tread water,0.6240
DJI_20260410101920_0015_D.MP4,drowning,False,5513,train,/Users/neerad/drowning-detection/datasets/dji003_priority_drowning_v2/images/train/drowning__DJI_20260410101920_0015_D__frame_005513.jpg,/Users/neerad/drowning-detection/datasets/dji003_priority_drowning_v2/labels/train/drowning__DJI_20260410101920_0015_D__frame_005513.txt,/Users/neerad/drowning-detection/datasets/dji003_priority_drowning_v2/previews/train/drowning__DJI_20260410101920_0015_D__frame_005513.jpg,3,"tread water,tread water,drowning",tread water,0.6202
DJI_20260410101920_0015_D.MP4,drowning,False,5573,train,/Users/neerad/drowning-detection/datasets/dji003_priority_drowning_v2/images/train/drowning__DJI_20260410101920_0015_D__frame_005573.jpg,/Users/neerad/drowning-detection/datasets/dji003_priority_drowning_v2/labels/train/drowning__DJI_20260410101920_0015_D__frame_005573.txt,/Users/neerad/drowning-detection/datasets/dji003_priority_drowning_v2/previews/train/drowning__DJI_20260410101920_0015_D__frame_005573.jpg,3,"tread water,drowning,tread water",tread water,0.7288
DJI_20260410101920_0015_D.MP4,drowning,False,5633,train,/Users/neerad/drowning-detection/datasets/dji003_priority_drowning_v2/images/train/drowning__DJI_20260410101920_0015_D__frame_005633.jpg,/Users/neerad/drowning-detection/datasets/dji003_priority_drowning_v2/labels/train/drowning__DJI_20260410101920_0015_D__frame_005633.txt,/Users/neerad/drowning-detection/datasets/dji003_priority_drowning_v2/previews/train/drowning__DJI_20260410101920_0015_D__frame_005633.jpg,3,"tread water,tread water,drowning",tread water,0.6432
DJI_20260410101920_0015_D.MP4,drowning,False,5693,train,/Users/neerad/drowning-detection/datasets/dji003_priority_drowning_v2/images/train/drowning__DJI_20260410101920_0015_D__frame_005693.jpg,/Users/neerad/drowning-detection/datasets/dji003_priority_drowning_v2/labels/train/drowning__DJI_20260410101920_0015_D__frame_005693.txt,/Users/neerad/drowning-detection/datasets/dji003_priority_drowning_v2/previews/train/drowning__DJI_20260410101920_0015_D__frame_005693.jpg,2,"drowning,drowning",drowning,0.6672
DJI_20260410101920_0015_D.MP4,drowning,False,5753,val,/Users/neerad/drowning-detection/datasets/dji003_priority_drowning_v2/images/val/drowning__DJI_20260410101920_0015_D__frame_005753.jpg,/Users/neerad/drowning-detection/datasets/dji003_priority_drowning_v2/labels/val/drowning__DJI_20260410101920_0015_D__frame_005753.txt,/Users/neerad/drowning-detection/datasets/dji003_priority_drowning_v2/previews/val/drowning__DJI_20260410101920_0015_D__frame_005753.jpg,2,"drowning,drowning",drowning,0.5839
DJI_20260410101920_0015_D.MP4,drowning,False,5813,train,/Users/neerad/drowning-detection/datasets/dji003_priority_drowning_v2/images/train/drowning__DJI_20260410101920_0015_D__frame_005813.jpg,/Users/neerad/drowning-detection/datasets/dji003_priority_drowning_v2/labels/train/drowning__DJI_20260410101920_0015_D__frame_005813.txt,/Users/neerad/drowning-detection/datasets/dji003_priority_drowning_v2/previews/train/drowning__DJI_20260410101920_0015_D__frame_005813.jpg,2,"drowning,tread water",drowning,0.5055
DJI_20260410101920_0015_D.MP4,drowning,False,5873,train,/Users/neerad/drowning-detection/datasets/dji003_priority_drowning_v2/images/train/drowning__DJI_20260410101920_0015_D__frame_005873.jpg,/Users/neerad/drowning-detection/datasets/dji003_priority_drowning_v2/labels/train/drowning__DJI_20260410101920_0015_D__frame_005873.txt,/Users/neerad/drowning-detection/datasets/dji003_priority_drowning_v2/previews/train/drowning__DJI_20260410101920_0015_D__frame_005873.jpg,2,"drowning,tread water",drowning,0.7322
DJI_20260410101920_0015_D.MP4,drowning,False,5933,train,/Users/neerad/drowning-detection/datasets/dji003_priority_drowning_v2/images/train/drowning__DJI_20260410101920_0015_D__frame_005933.jpg,/Users/neerad/drowning-detection/datasets/dji003_priority_drowning_v2/labels/train/drowning__DJI_20260410101920_0015_D__frame_005933.txt,/Users/neerad/drowning-detection/datasets/dji003_priority_drowning_v2/previews/train/drowning__DJI_20260410101920_0015_D__frame_005933.jpg,4,"drowning,tread water,drowning,drowning",drowning,0.5557
DJI_20260410101920_0015_D.MP4,drowning,False,5993,train,/Users/neerad/drowning-detection/datasets/dji003_priority_drowning_v2/images/train/drowning__DJI_20260410101920_0015_D__frame_005993.jpg,/Users/neerad/drowning-detection/datasets/dji003_priority_drowning_v2/labels/train/drowning__DJI_20260410101920_0015_D__frame_005993.txt,/Users/neerad/drowning-detection/datasets/dji003_priority_drowning_v2/previews/train/drowning__DJI_20260410101920_0015_D__frame_005993.jpg,3,"tread water,drowning,tread water",tread water,0.4579
DJI_20260410101920_0015_D.MP4,drowning,False,6053,train,/Users/neerad/drowning-detection/datasets/dji003_priority_drowning_v2/images/train/drowning__DJI_20260410101920_0015_D__frame_006053.jpg,/Users/neerad/drowning-detection/datasets/dji003_priority_drowning_v2/labels/train/drowning__DJI_20260410101920_0015_D__frame_006053.txt,/Users/neerad/drowning-detection/datasets/dji003_priority_drowning_v2/previews/train/drowning__DJI_20260410101920_0015_D__frame_006053.jpg,5,"tread water,tread water,drowning,tread water,drowning",tread water,0.6415
DJI_20260410101920_0015_D.MP4,drowning,False,6115,train,/Users/neerad/drowning-detection/datasets/dji003_priority_drowning_v2/images/train/drowning__DJI_20260410101920_0015_D__frame_006115.jpg,/Users/neerad/drowning-detection/datasets/dji003_priority_drowning_v2/labels/train/drowning__DJI_20260410101920_0015_D__frame_006115.txt,/Users/neerad/drowning-detection/datasets/dji003_priority_drowning_v2/previews/train/drowning__DJI_20260410101920_0015_D__frame_006115.jpg,3,"tread water,tread water,drowning",tread water,0.5493
